"","p_val","avg_logFC","pct.1","pct.2","p_val_adj"
"Actb",1.82728213766279e-36,-1.08110453212025,0.978,0.984,2.52822756567023e-32
"Rdx",6.8761296925891e-23,0.827733881614128,0.913,0.374,9.51381304266628e-19
"Ablim1",1.37017886269397e-22,0.763251348054974,0.663,0.163,1.89577947442338e-18
"Hmcn1",1.51219608935518e-22,0.813700157872911,0.603,0.128,2.09227450923183e-18
"Atp2b4",3.44085772718222e-22,0.849035703300061,0.533,0.101,4.76077075132931e-18
"Pam",3.55298070229075e-22,-2.05297271848726,0.576,0.755,4.91590409968948e-18
"B2m",6.6285918361465e-22,-0.704011356956308,0.967,0.942,9.17131966449229e-18
"Cgnl1",1.78548256432091e-21,0.729682191536358,0.75,0.222,2.47039367599441e-17
"Rbms1",2.31496484337044e-20,0.714968299921415,0.712,0.21,3.20298535728733e-16
"Smad6",2.96946325689498e-20,0.700612906819136,0.587,0.132,4.1085493622399e-16
"9430020K01Rik",8.25593956018161e-20,0.750309135498298,0.402,0.051,1.14229179754673e-15
"Npr3",1.73272985351229e-19,0.816550378969185,0.821,0.335,2.3974050253196e-15
"Gm42418",2.52628497782806e-19,0.824439738977642,0.918,0.42,3.49536789532291e-15
"Trim47",3.22304228436647e-19,0.699965280783859,0.685,0.214,4.45940130464944e-15
"Cd93",1.01360442699905e-18,0.7035419987152,0.793,0.288,1.40242308519589e-14
"Cited2",1.56000433268404e-17,0.706089341079325,0.549,0.144,2.15842199470164e-13
"Spint2",2.00614161268494e-17,0.543827033732179,0.679,0.21,2.77569753531088e-13
"Tmem108",4.47286527904011e-17,0.643270777056079,0.592,0.163,6.1886564000799e-13
"Atp1b3",5.27590898830351e-17,0.545501839472646,0.772,0.276,7.29974767621673e-13
"Rps6ka2",6.30962457766583e-17,0.825993674921779,0.348,0.043,8.72999656565844e-13
"Ptpn14",8.53956136286541e-17,0.658958385080228,0.467,0.105,1.18153371016606e-12
"Foxc1",8.7742344856066e-17,0.517160030095483,0.582,0.156,1.21400308342853e-12
"Tsc22d1",1.02560422273104e-16,0.6342629358522,0.701,0.233,1.41902600257066e-12
"Comp",1.09202415032752e-16,0.909036286495505,0.533,0.136,1.51092461439316e-12
"Gpr182",1.51100183651292e-16,0.471617151488937,0.625,0.183,2.09062214099927e-12
"Ednrb",1.57503393430416e-16,0.733819073102664,0.549,0.144,2.17921695150323e-12
"Gnai2",1.84685767288248e-16,0.526430363109875,0.81,0.3,2.5553122762002e-12
"Adamts1",3.17255871106892e-16,0.78942644916809,0.663,0.226,4.38955223263496e-12
"Il6st",5.14315853631035e-16,0.626503070582581,0.668,0.226,7.116074150839e-12
"Ddx3x",8.72133024956403e-16,0.579995004125624,0.516,0.132,1.20668325332968e-11
"Eif4g2",9.07922816180507e-16,0.39189272265046,0.679,0.23,1.25620200846735e-11
"Cltc",1.5781410203436e-15,0.487094883221615,0.424,0.086,2.1835159157474e-11
"Klf9",1.61205566291414e-15,0.437432312533114,0.625,0.187,2.230440215208e-11
"Plpp3",2.8957622381154e-15,0.640669973116922,0.766,0.3,4.00657663265646e-11
"Flt1",3.24132803040591e-15,0.516509265351493,0.717,0.257,4.48470146286962e-11
"Nr3c1",5.14588575706522e-15,0.645512618574389,0.391,0.074,7.11984753347544e-11
"Rras",9.0373533207399e-15,0.588458689648631,0.467,0.121,1.25040820545757e-10
"Tek",1.95258147761767e-14,0.471719072653461,0.685,0.237,2.7015917324318e-10
"Tsc22d3",2.81441653251205e-14,0.552057268524719,0.44,0.097,3.89402671438367e-10
"Ephx1",2.99797511655955e-14,0.457983588381644,0.484,0.125,4.14799837127179e-10
"Adgrf5",3.11495276810448e-14,0.470189679577323,0.625,0.206,4.30984864994935e-10
"Cd74",3.17930557425774e-14,-2.11063313551006,0.022,0.304,4.398887192543e-10
"Pon2",3.22204522652803e-14,0.445607434331654,0.609,0.198,4.45802177542418e-10
"Kcnq1ot1",3.39122063109784e-14,0.526596635698792,0.451,0.105,4.69209286518697e-10
"Aes",3.80602976645927e-14,0.493732550560136,0.451,0.117,5.26602278487304e-10
"Pura",4.41329345748164e-14,0.551766355885999,0.478,0.132,6.10623282777159e-10
"Aig1",4.99416446028637e-14,0.433906586809955,0.446,0.109,6.90992594725222e-10
"Nedd4",5.15191674789816e-14,0.455169534411857,0.663,0.237,7.12819201239189e-10
"Fabp5",6.91415977887297e-14,0.698459965279803,0.918,0.607,9.56643147004864e-10
"Palm",6.91572821599836e-14,0.553305784489482,0.674,0.237,9.56860155965532e-10
"Ly6a",9.11537326302631e-14,-1.34516661393552,0.179,0.482,1.26120304467232e-09
"Fermt2",1.08005810563666e-13,0.339008016566572,0.538,0.152,1.49436839495889e-09
"Enpp6",1.16779294606033e-13,0.562244648510734,0.457,0.117,1.61575832016907e-09
"Cdh11",1.23041599990714e-13,0.489127057362607,0.391,0.078,1.70240357747151e-09
"Ebf1",1.28919305253685e-13,0.552591710463806,0.636,0.23,1.78372750748999e-09
"Set",1.39023550121564e-13,0.434392147481791,0.543,0.156,1.92352983948196e-09
"H2-D1",2.45029407208763e-13,-0.500192106866445,0.989,0.942,3.39022687814044e-09
"Amotl1",2.73157717388553e-13,0.512700642271822,0.391,0.086,3.77941017778802e-09
"Fkbp7",3.38500368182077e-13,0.458409464761287,0.451,0.121,4.68349109416721e-09
"Tmem2",4.06691245877862e-13,0.452687758896356,0.609,0.206,5.6269800779661e-09
"Foxp1",4.55291128254577e-13,0.391273669011435,0.745,0.292,6.29940805053033e-09
"Dock6",5.08524177526597e-13,0.446511470016939,0.391,0.089,7.035940520258e-09
"Ppp3ca",5.44288329933819e-13,0.472137821777447,0.63,0.233,7.53077333296433e-09
"Snx3",6.60239344354411e-13,0.339634720013718,0.625,0.206,9.13507156848763e-09
"Klf6",9.37564116156676e-13,0.577091514972921,0.636,0.245,1.29721371111438e-08
"Eng",9.46717950228392e-13,0.456476951476228,0.984,0.732,1.309878955936e-08
"Plagl1",1.13706286843174e-12,0.472635233231269,0.484,0.136,1.57324018476216e-08
"Ipo11",1.26454882385402e-12,0.279650136550709,0.397,0.086,1.74962975268442e-08
"Jund",2.30139668319439e-12,0.656912249136452,0.772,0.362,3.18421245086776e-08
"Stab1",2.65245803472792e-12,0.477002651707842,0.56,0.183,3.66994093684955e-08
"Kank1",2.72091297732327e-12,0.464302058496786,0.478,0.14,3.76465519542448e-08
"Peg3",3.49266751007408e-12,0.562179817930054,0.293,0.047,4.83245476693849e-08
"Mkln1",4.85194196616246e-12,0.52059632622877,0.315,0.058,6.71314690438237e-08
"Ltbp4",5.75094303864817e-12,0.460133821331297,0.918,0.506,7.95700478827361e-08
"S1pr1",6.30709112444974e-12,0.482270976764508,0.489,0.156,8.72649127978866e-08
"Bmpr2",6.61219286102505e-12,0.485484583607848,0.429,0.117,9.14863004251426e-08
"Ube2s",6.69325828539429e-12,0.391352994758358,0.353,0.082,9.26079216367154e-08
"Zfr",6.79375162260359e-12,0.291615936392358,0.304,0.051,9.39983474503433e-08
"Zbtb4",6.98928453740127e-12,0.483093242330804,0.38,0.097,9.6703740859484e-08
"Ptgs1",7.47997641405349e-12,0.479974657939518,0.69,0.292,1.03492953664844e-07
"Ncor1",8.40105103429467e-12,0.533005635802828,0.386,0.101,1.16236942110501e-07
"Rhoj",8.7120068618763e-12,0.421056607839882,0.543,0.183,1.2053932694092e-07
"Igfbp5",8.90048627794105e-12,1.06221361193178,0.495,0.175,1.23147128141592e-07
"Rrbp1",9.40523906377495e-12,0.326213479231198,0.658,0.245,1.3013088768639e-07
"Tspan3",1.17409291682233e-11,0.311813072103602,0.402,0.101,1.62447495971538e-07
"Tm6sf1",1.77631832269278e-11,0.51845838533732,0.272,0.043,2.45771403127773e-07
"Nos3",1.79621800098706e-11,0.313520061538939,0.424,0.121,2.48524722616569e-07
"Arrb1",1.86433520020048e-11,0.562336154646955,0.25,0.035,2.57949418299739e-07
"Igfbp4",1.9389075071413e-11,0.53806710488962,0.739,0.358,2.6826724268807e-07
"Vamp5",2.09468119019286e-11,0.382898594045868,0.543,0.195,2.89820089475084e-07
"Sec61a1",2.74896547610992e-11,0.4392934056426,0.364,0.089,3.80346863274568e-07
"Etnk1",2.99604695642215e-11,0.349287228387107,0.359,0.086,4.14533056890568e-07
"Nr2f2",3.10703318908896e-11,0.377212761421358,0.5,0.163,4.29889112042348e-07
"Arl4a",3.18323384100083e-11,0.423759040420101,0.473,0.152,4.40432234240875e-07
"Ccnd3",3.47278985932732e-11,0.421707666987797,0.353,0.086,4.80495204936529e-07
"Xbp1",3.80237600855782e-11,0.303417687112407,0.446,0.132,5.2609674454406e-07
"Rsrp1",3.98381994559933e-11,0.347986361114336,0.777,0.327,5.51201327673123e-07
"Hsp90ab1",4.15584716560757e-11,0.393992174020323,0.951,0.681,5.75003013833463e-07
"G3bp2",4.27578365340188e-11,0.453341242482335,0.478,0.163,5.91597426284684e-07
"Pcbp1",4.43134404077248e-11,0.358114445281236,0.473,0.152,6.13120761481281e-07
"Fabp4",4.76644015014768e-11,-0.619994229968501,0.848,0.899,6.59484659174433e-07
"Sft2d2",5.14544458049662e-11,0.359439745921351,0.288,0.054,7.11923712157512e-07
"Csnk1e",6.72721035912716e-11,0.47301857583808,0.321,0.074,9.30776825288833e-07
"Blvrb",6.85209280247777e-11,0.376215499492479,0.457,0.14,9.48055560150825e-07
"Kdelc2",6.8903286945363e-11,0.336126416957752,0.239,0.031,9.53345878176042e-07
"Notch1",6.93218440158016e-11,0.327401659551136,0.446,0.136,9.59137033802632e-07
"Gm1673",7.75116093401078e-11,0.390510479290025,0.266,0.043,1.07245062682973e-06
"Vwf",8.64083220868313e-11,0.688488975770943,0.81,0.409,1.1955455443934e-06
"Cdc42ep3",9.50764659385017e-11,0.494277139353933,0.495,0.171,1.31547798272511e-06
"Mgp",1.00303060611066e-10,0.423098541463913,0.973,0.848,1.38779314661471e-06
"Dynll2",1.09703125506521e-10,0.338678904521437,0.386,0.109,1.51785244450822e-06
"Ddx17",1.14373436622267e-10,0.451010490450078,0.299,0.066,1.58247086910569e-06
"Cped1",1.17062948645726e-10,0.341476877449697,0.326,0.074,1.61968295746227e-06
"Kif5b",1.18931712670014e-10,0.261266585895467,0.554,0.202,1.64553917650231e-06
"Tpst2",1.19249912236625e-10,0.263495035116852,0.457,0.144,1.64994178570595e-06
"Tie1",1.30515470393483e-10,0.250996601197884,0.571,0.214,1.80581204836423e-06
"Ociad1",1.33172580953386e-10,0.451355626380298,0.418,0.128,1.84257583007105e-06
"Sult1a1",1.39233826930807e-10,0.316290176555518,0.293,0.058,1.92643922941464e-06
"Nid1",1.46047958953917e-10,0.565642168380343,0.228,0.031,2.02071956008639e-06
"Lmo4",1.49970112923142e-10,0.299011173170444,0.538,0.187,2.07498648240459e-06
"Arhgap29",1.53231136822689e-10,0.341829523701218,0.375,0.101,2.12010600907873e-06
"Brd2",1.54113586470766e-10,0.304997538505012,0.457,0.144,2.13231558240952e-06
"Raly",1.57232476665461e-10,0.323670781034634,0.446,0.148,2.17546854714332e-06
"Marcks",1.64907249297903e-10,0.386255294273603,0.408,0.113,2.28165670128578e-06
"Heg1",1.67495293884896e-10,0.52265299157668,0.717,0.331,2.31746488619142e-06
"Tmem33",1.68183655328086e-10,0.284878901861481,0.332,0.078,2.32698905511939e-06
"Hspd1",1.69224672426112e-10,0.290199544451567,0.342,0.086,2.34139256768768e-06
"Adgra2",1.76278722919393e-10,0.470136671745044,0.304,0.066,2.43899241031272e-06
"Ppp2ca",1.88504923525965e-10,0.446990532495408,0.293,0.066,2.60815412190525e-06
"Zfp36l1",2.23043095907728e-10,0.366886225909298,0.647,0.268,3.08602427497932e-06
"Colec11",2.23296477109221e-10,0.447687599438544,0.44,0.144,3.08953005728317e-06
"Rap1a",2.34424604672717e-10,0.316323680738587,0.473,0.156,3.24349883025171e-06
"Nucks1",2.37486595333233e-10,0.318009151144151,0.348,0.089,3.28586453303061e-06
"Ahsa1",2.57620106679122e-10,0.331762503617116,0.293,0.062,3.56443179601233e-06
"Slc9a3r2",2.71084048402218e-10,0.334474059686741,0.685,0.284,3.75071889369308e-06
"Sf3b2",2.71969972597446e-10,0.280172958493458,0.484,0.16,3.76297654085826e-06
"Sptan1",2.79230439214079e-10,0.342138972100851,0.462,0.163,3.863432356966e-06
"Wipf3",2.97310522398207e-10,0.362130174771889,0.315,0.07,4.11358838790159e-06
"Plvap",3.98318493710105e-10,0.48994565979537,0.783,0.424,5.51113467897301e-06
"D8Ertd738e",4.12910040571639e-10,0.269973705623252,0.668,0.284,5.7130233213492e-06
"Sav1",4.26758426259196e-10,0.374001151511571,0.212,0.027,5.90462958572223e-06
"Cnih1",4.80542928582209e-10,0.403303569872029,0.31,0.074,6.64879195986345e-06
"Klf2",4.81080224592678e-10,0.634795363014528,0.946,0.747,6.65622598746429e-06
"Serpine2",5.34188902962354e-10,0.332936464910583,0.38,0.109,7.39103766138713e-06
"Rfk",5.41266279139227e-10,0.443610964562867,0.424,0.144,7.48896023817035e-06
"Tmco1",5.48630872192988e-10,0.307540008026967,0.505,0.183,7.59085674766218e-06
"P4ha1",6.18354643436608e-10,0.367448269284912,0.223,0.031,8.55555484658891e-06
"Polr2e",6.23385878592896e-10,0.283246302171942,0.446,0.144,8.62516701621131e-06
"Hprt",6.83831867621765e-10,0.311655411685631,0.391,0.121,9.46149772041474e-06
"Tmem165",6.87807806136864e-10,0.382772405159002,0.315,0.078,9.51650880570964e-06
"Airn",7.0896512650066e-10,0.358731945802054,0.337,0.089,9.80924149026313e-06
"Vdac2",7.40558058882572e-10,0.291667392399581,0.462,0.156,1.02463613026993e-05
"Pir",7.60899195420705e-10,0.368776093516465,0.37,0.109,1.05278012678409e-05
"Ski",7.74395200333421e-10,0.369618669243036,0.288,0.062,1.07145319918132e-05
"Tmem176b",7.77427782435391e-10,0.298500378130659,0.761,0.35,1.07564907977761e-05
"Tpcn1",7.87207054894953e-10,0.471448512969257,0.234,0.039,1.08917968115266e-05
"Prkar1a",8.05875197027425e-10,0.354686725666845,0.674,0.28,1.11500892260714e-05
"Itm2c",8.13647069782648e-10,0.390609889321584,0.766,0.346,1.12576208575127e-05
"Sar1b",8.14375673482647e-10,0.375438344254082,0.337,0.093,1.12677018183059e-05
"Amotl2",9.50545736937319e-10,0.309547892045092,0.446,0.144,1.31517508162647e-05
"Lama4",9.66665560141827e-10,0.461104267886511,0.283,0.062,1.33747846901223e-05
"Tgfbr3",9.66840763380512e-10,0.339530854655097,0.31,0.074,1.33772088021328e-05
"Meis2",9.80158749284599e-10,0.333145879736337,0.511,0.187,1.35614764551017e-05
"Tcn2",9.91444166183998e-10,0.346362360724792,0.511,0.187,1.37176214833218e-05
"Qk",1.1276307513786e-09,0.2899915434706,0.364,0.109,1.56018990760743e-05
"Dhrs7",1.13493526887705e-09,0.28955640281745,0.467,0.167,1.57029643801828e-05
"Cpd",1.20290631976278e-09,0.372358950483196,0.391,0.121,1.66434118402378e-05
"Hsp90b1",1.2585543360685e-09,0.347728835435636,0.832,0.385,1.74133577938438e-05
"H2-K1",1.30506698561363e-09,-0.595175713373188,0.891,0.86,1.80569068129501e-05
"Ctdsp1",1.33014033996631e-09,0.349902673299393,0.261,0.054,1.84038217437739e-05
"Fry",1.35683150071118e-09,0.278623022268125,0.261,0.051,1.87731206438398e-05
"Arid1a",1.38172031491163e-09,0.315898934616305,0.234,0.039,1.91174822771173e-05
"Mtch1",1.43277409264251e-09,0.27825002494053,0.391,0.121,1.98238623458018e-05
"Eva1b",1.51272729154458e-09,0.309963094709743,0.418,0.14,2.09300948058108e-05
"Man2a1",1.52030082367491e-09,0.322597549376033,0.293,0.07,2.10348821963661e-05
"Mtdh",1.53918633285077e-09,0.345575257006211,0.516,0.191,2.12961821013232e-05
"Ctsb",1.68473988399775e-09,0.28183790985327,0.728,0.319,2.33100610349928e-05
"Marcksl1",1.69800603437127e-09,0.453654589085606,0.359,0.101,2.34936114915608e-05
"Xiap",1.72102447037071e-09,0.335454619788244,0.288,0.066,2.38120945720491e-05
"Macf1",1.7633218714801e-09,0.263376705794324,0.375,0.109,2.43973214137986e-05
"Eps8",1.84100743084239e-09,0.397317928425861,0.315,0.082,2.54721788131353e-05
"Ssh1",2.1876008867465e-09,0.472673024410371,0.19,0.023,3.02676458690246e-05
"Ctnnb1",2.53719498127818e-09,0.304328707554881,0.62,0.253,3.5104629760965e-05
"Mtus1",2.61139259449019e-09,0.341851165952031,0.332,0.089,3.61312279373663e-05
"Cdc42ep5",2.65279146492523e-09,0.375048427627604,0.283,0.066,3.67040227087055e-05
"Tmem59",2.77054607611261e-09,0.393180329735958,0.886,0.467,3.8333275509094e-05
"Kdr",2.9253674495009e-09,0.283408468955346,0.505,0.187,4.04753840312944e-05
"Smc4",3.01828831302816e-09,0.400169312075067,0.299,0.074,4.17610370990576e-05
"Megf6",3.02056034572024e-09,0.332093941845877,0.234,0.043,4.17924729433853e-05
"Psmc5",3.0339349001405e-09,0.318269748312058,0.272,0.058,4.19775232783439e-05
"Stard8",3.10410462184546e-09,0.386412265869885,0.174,0.016,4.29483915478538e-05
"Spag9",3.13940869074996e-09,0.444713819670698,0.326,0.097,4.34368586452164e-05
"Irf2bp2",3.2286955023434e-09,0.380934267670564,0.245,0.047,4.46722309704233e-05
"Lpp",3.2876205437705e-09,0.398683624287438,0.185,0.019,4.54875178436086e-05
"Ralbp1",3.64628474578125e-09,0.270473587019089,0.473,0.171,5.04499957426293e-05
"Phldb2",3.97631637703902e-09,0.339286499424595,0.31,0.082,5.50163133927119e-05
"Tmem205",4.03497890990982e-09,0.340160382734539,0.391,0.132,5.58279681975123e-05
"Bptf",4.05482845641179e-09,0.37532808813134,0.288,0.07,5.61026065229136e-05
"Npm1",4.17149540177802e-09,0.251982994343307,0.728,0.323,5.77168103790007e-05
"Eif3a",4.1721731267737e-09,0.367744720656591,0.38,0.121,5.7726187382041e-05
"Cflar",4.32035026323683e-09,0.432430702931337,0.239,0.047,5.97763662421448e-05
"Dab2ip",4.63547360396376e-09,0.390005247472104,0.293,0.074,6.41364127844426e-05
"Srp9",4.90954735997481e-09,0.273733985773402,0.478,0.179,6.79284972726115e-05
"Mdfi",4.96483708223715e-09,0.32140728082998,0.179,0.019,6.86934858698332e-05
"Tomm20",5.16281222834367e-09,0.273447125221989,0.473,0.175,7.1432669991363e-05
"Hnrnpd",5.23790901100566e-09,0.37855170219433,0.266,0.062,7.24717090762744e-05
"Dnajc3",5.28794269806456e-09,0.279507147546709,0.495,0.187,7.31639751704213e-05
"Abca1",5.621083695427e-09,0.465032275101456,0.185,0.023,7.7773314009928e-05
"Cdc42bpb",5.77927287527301e-09,0.379070932473484,0.201,0.031,7.99620195022773e-05
"Bambi",6.07999859612819e-09,0.346182231264695,0.277,0.07,8.41228605760297e-05
"Sptbn1",6.30402161644967e-09,0.36076523039102,0.891,0.451,8.72224430851976e-05
"Mal",6.37657002984624e-09,0.308769099588714,0.321,0.089,8.82262229329526e-05
"Tmem100",6.69836045041205e-09,0.388662743393213,0.359,0.113,9.26785151919011e-05
"Ly6e",7.12715528417724e-09,-0.866108580144711,0.614,0.65,9.86113205118764e-05
"Degs1",7.40058484883933e-09,0.292170560799637,0.679,0.304,0.000102394491968541
"Aurkaip1",7.61570507347851e-09,0.32530599488263,0.359,0.121,0.000105370895396649
"Amigo2",7.99560100289564e-09,0.424352144738396,0.326,0.093,0.000110627135476064
"Col1a2",8.20944065276288e-09,0.365819777758208,0.196,0.027,0.000113585820871627
"Akap9",8.72536517833086e-09,0.340665108032084,0.288,0.078,0.000120724152607386
"Slc25a4",8.7894255202221e-09,0.288619153008224,0.788,0.358,0.000121610491497793
"Nfic",8.94704896979944e-09,0.267642638025657,0.364,0.117,0.000123791369546145
"Igfbp6",8.97783394068117e-09,0.713353282170295,0.321,0.093,0.000124217310403265
"Upf3a",9.09262611091504e-09,0.328130417132014,0.168,0.016,0.00012580557487062
"Col4a1",9.68405090282242e-09,0.312243900172809,0.353,0.109,0.000133988528291451
"Pla2g7",9.95002042519547e-09,0.369280297248034,0.342,0.101,0.000137668482603005
"Baz2b",9.95625674908581e-09,0.399500314306498,0.255,0.058,0.000137754768380351
"Cbfa2t3",1.03488117659836e-08,0.2904128635354,0.391,0.128,0.00014318615959415
"Scd2",1.08554889747763e-08,0.295708990790927,0.272,0.066,0.000150196545455006
"Sncaip",1.10115135424817e-08,0.348821733374511,0.272,0.066,0.000152355301373776
"Zc3h13",1.10781471705146e-08,0.250383938750681,0.255,0.054,0.00015327724425124
"Sigmar1",1.11802694844533e-08,0.252561918028123,0.223,0.039,0.000154690208586896
"Emsy",1.1359337000292e-08,0.341531880739584,0.201,0.031,0.00015716778673604
"1700020I14Rik",1.19685305629419e-08,0.265235677057249,0.288,0.074,0.000165596588868865
"Nr4a1",1.2813251271406e-08,0.556901258994953,0.516,0.222,0.000177284144591174
"Tpr",1.30249560199037e-08,0.335198101448308,0.375,0.125,0.000180213291491388
"Immt",1.39729592414041e-08,0.251394992056048,0.272,0.066,0.000193329864064068
"Elk3",1.40057155319353e-08,0.262806686747396,0.5,0.195,0.000193783080099856
"Jade1",1.4188686829355e-08,0.336469692559909,0.13,0.004,0.000196314670970956
"Gls",1.48023669010502e-08,0.460800270803387,0.321,0.101,0.00020480554844293
"Crk",1.51191279160057e-08,0.331191367410534,0.239,0.051,0.000209188253845855
"Abhd17a",1.63983703938333e-08,0.305886546632379,0.266,0.066,0.000226887852769077
"Atg3",1.69938013624899e-08,0.325659153654355,0.25,0.058,0.00023512623565141
"Atp2a2",1.72748709344255e-08,0.377418039618254,0.261,0.066,0.000239015114248712
"Ppib",1.77482670755574e-08,0.266147272330834,0.734,0.335,0.000245565023257412
"Foxo1",1.77877957717956e-08,0.283043399061486,0.304,0.086,0.000246111942298564
"G0s2",1.79984069915609e-08,0.26227281597359,0.38,0.128,0.000249025959135236
"Eif4h",2.02157803759854e-08,0.266025547866351,0.37,0.121,0.000279705537282134
"Rab3il1",2.04312143380271e-08,0.360334993628837,0.201,0.035,0.000282686281580943
"B4galt6",2.1799097341333e-08,0.360691266296839,0.196,0.031,0.000301612310814683
"Mydgf",2.18141542364996e-08,0.280534301324066,0.337,0.101,0.000301820638016208
"Paics",2.20386769456996e-08,0.252485414621187,0.342,0.109,0.0003049271342207
"Osmr",2.31330337218515e-08,0.26402285377195,0.31,0.086,0.000320068654575538
"Lats2",2.44176555437464e-08,0.389278789317128,0.217,0.043,0.000337842682103275
"Setd5",2.47952659900997e-08,0.26061367282197,0.245,0.054,0.000343067300239019
"Cetn2",2.66944072022936e-08,0.271391996760807,0.25,0.058,0.000369343818050934
"Zeb2",2.6833887746781e-08,0.304596441599147,0.315,0.093,0.000371273670864462
"Gas6",2.70756142405581e-08,0.303358105883271,0.88,0.482,0.000374618198632362
"Actn4",2.72500927257e-08,0.261174539340413,0.495,0.198,0.000377032282952786
"Arfrp1",2.8240242464234e-08,0.268038738029506,0.207,0.035,0.000390731994735142
"Cfh",2.99619661458049e-08,0.308373187375915,0.973,0.887,0.000414553763593356
"Aplp2",3.22062879865419e-08,0.286549984457809,0.967,0.732,0.000445606200581794
"Fam129b",3.22278422961057e-08,0.329373951576963,0.245,0.058,0.000445904426008918
"Ralgps2",3.2458134290928e-08,0.379101596411286,0.174,0.023,0.000449090746049279
"Csnk1a1",3.35485580697142e-08,0.273112027384265,0.522,0.218,0.000464177849452566
"Nuak1",3.41901006941588e-08,0.316777247937234,0.315,0.093,0.000473054233204382
"Cyb5a",3.66098235756765e-08,0.272389193379857,0.793,0.389,0.00050653351899306
"Rnf167",3.76643891428252e-08,0.310330152983673,0.304,0.093,0.000521124488180129
"Glo1",3.77164616491301e-08,0.307177402218879,0.299,0.089,0.000521844963377363
"Wnk1",3.79413017009493e-08,0.271212318902995,0.386,0.132,0.000524955850334334
"Gnb4",3.8384620146233e-08,0.296658883335153,0.234,0.051,0.000531089604343279
"Nostrin",4.04877775017807e-08,0.395405620893921,0.174,0.023,0.000560188889514638
"Tmem204",4.1367268322021e-08,0.301305403780105,0.261,0.066,0.000572357524503482
"Ephb4",4.2250598107918e-08,0.290065522591772,0.353,0.121,0.000584579275421154
"Mob1a",4.3345591342621e-08,0.313283335834366,0.228,0.051,0.000599729601816504
"Vgll4",4.62031191067096e-08,0.334243116597068,0.38,0.132,0.000639266355960435
"Cers5",4.72232504222227e-08,0.358629574058207,0.288,0.082,0.000653380892841874
"Igf1r",4.79327576760867e-08,0.383333612802236,0.196,0.035,0.000663197635206335
"Gucy1a3",4.83820241136162e-08,0.357050008867804,0.266,0.07,0.000669413685635993
"Ptpn12",4.91920443148595e-08,0.315336401079446,0.228,0.051,0.000680621125140396
"Tlcd2",5.18880624618841e-08,0.271194345630266,0.239,0.058,0.000717923232222628
"Sel1l",5.30792219679852e-08,0.311036290088814,0.261,0.066,0.000734404115149043
"Nfia",5.45659880987545e-08,-0.884060801986686,0.647,0.661,0.000754975011334367
"Dpy30",5.59663488027742e-08,0.250246013470603,0.217,0.047,0.000774350402035184
"Clcn4",5.64495544861164e-08,0.368167994626978,0.223,0.047,0.000781036035869906
"Creb3l2",6.08580474809251e-08,0.351523385884053,0.228,0.054,0.000842031944946079
"Sash1",6.21215923015233e-08,0.313062154147581,0.234,0.054,0.000859514351083877
"Trp53i13",6.74093254812431e-08,0.35024460331629,0.212,0.047,0.00093267542735848
"Rnf141",6.86000902924664e-08,0.332252011431507,0.228,0.051,0.000949150849286565
"Smad5",7.32735324656126e-08,0.265144024081671,0.201,0.039,0.00101381259519422
"Bvht",7.41540687041809e-08,0.302632471694059,0.304,0.093,0.00102599569459105
"Ddx6",7.6350894300492e-08,0.323520512611659,0.261,0.066,0.00105639097354161
"Rasgef1b",7.713250497294e-08,0.35454130154062,0.196,0.035,0.0010672053388056
"Cct4",7.72869516320802e-08,0.30189675322585,0.38,0.136,0.00106934226278146
"Pcdh7",7.75592968939415e-08,0.292114537856095,0.239,0.054,0.00107311043182457
"Limch1",7.77924485050915e-08,0.382187293305346,0.283,0.082,0.00107633631751645
"Nxn",7.82293148712374e-08,0.316406138179804,0.38,0.14,0.00108238080055844
"Ntn1",7.86219241637325e-08,0.362410734226352,0.332,0.113,0.0010878129427294
"Eps15",8.01464439435992e-08,0.285140391300645,0.179,0.027,0.00110890619840364
"Flrt2",8.26903571090314e-08,0.467276679868128,0.158,0.019,0.00114410378096056
"Clk4",8.40974440210426e-08,0.390416294423216,0.261,0.07,0.00116357223547515
"Csnk1g2",8.48245733123964e-08,0.357087021650834,0.168,0.023,0.00117363279635032
"Itgb1bp1",8.68071588216016e-08,0.27289743387351,0.185,0.031,0.00120106384945568
"Rnf11",8.7647469593957e-08,0.255864889748869,0.196,0.035,0.00121269038930199
"Phc2",9.11947975394512e-08,0.316349645454518,0.185,0.031,0.00126177121875585
"Dpp4",9.31573110755245e-08,0.479118120623984,0.174,0.027,0.00128892455604096
"Hnrnpr",9.763718509151e-08,0.300286040901438,0.348,0.117,0.00135090809292613
"H19",1.00714883076502e-07,0.607494038191433,0.554,0.272,0.00139349112224648
"Bace2",1.04727053216543e-07,0.288044391156627,0.603,0.28,0.00144900350830408
"B230219D22Rik",1.0994550636628e-07,0.295247093450215,0.364,0.132,0.00152120602608385
"Mprip",1.15056922172527e-07,0.255850429757969,0.304,0.097,0.00159192757517908
"Mecp2",1.17531099865068e-07,0.31414742249254,0.217,0.047,0.00162616029773308
"Synpo",1.17694250704658e-07,0.316323734164519,0.223,0.051,0.00162841765274965
"Epb41l2",1.17739886236899e-07,0.33289801005213,0.212,0.047,0.00162904906597373
"Rala",1.17739886236899e-07,0.32275688489676,0.212,0.047,0.00162904906597373
"Zfp521",1.21056111998531e-07,0.354878350478146,0.174,0.027,0.00167493236561168
"Hook3",1.25067586504031e-07,0.383798852832428,0.228,0.054,0.00173043512686978
"Apc",1.26514070571546e-07,0.340274674595005,0.19,0.035,0.00175044868042791
"Gm43194",1.36593824100856e-07,0.274273769144211,0.207,0.043,0.00188991215025944
"Evi5",1.38224754761416e-07,0.268605163436668,0.228,0.054,0.00191247770687895
"Cst3",1.40389217228931e-07,0.273668380316279,0.973,0.837,0.00194242520957949
"Cul1",1.41039726628268e-07,0.270043049490194,0.283,0.082,0.00195142565762872
"Ltbp1",1.44072775463059e-07,0.450482160943455,0.217,0.051,0.00199339092130689
"Pum2",1.44222197348001e-07,0.306739239242349,0.272,0.078,0.00199545832250695
"Irx5",1.49841264500775e-07,0.411796636720714,0.152,0.019,0.00207320373563273
"Fam3c",1.52396242430634e-07,-1.20854395076597,0.326,0.467,0.00210855441027026
"Tmx2",1.60721389212726e-07,0.277355779176964,0.234,0.058,0.00222374114114728
"Sfrp1",1.65757660874295e-07,-1.27544281835565,0.011,0.16,0.00229342299585675
"Tmpo",1.70435670943047e-07,0.267869370446236,0.429,0.171,0.002358147943168
"Numa1",1.71124232063263e-07,0.388890301791744,0.185,0.035,0.00236767487482731
"Ubn2",1.77802373988675e-07,0.268593208608488,0.207,0.043,0.00246007364650731
"Grb2",1.78776708172079e-07,0.252321031632786,0.185,0.035,0.00247355453426889
"Fn1",1.83024540197183e-07,0.444341138122117,0.418,0.163,0.00253232753816823
"Acvr1",1.83498845608334e-07,0.321804109696658,0.234,0.058,0.00253889002783691
"Ssrp1",1.9728534681235e-07,0.285499159405575,0.304,0.097,0.00272964005849568
"Ctsk",2.05072958652517e-07,0.318562877997033,0.234,0.058,0.00283738945591623
"Prpf38b",2.05564512401061e-07,0.318521980146856,0.277,0.086,0.00284419059358108
"Hsph1",2.06976415268906e-07,0.315311299087386,0.152,0.019,0.00286372568166058
"Nr2f6",2.0883164077002e-07,0.299088425620547,0.152,0.019,0.00288939458169399
"Tcaf1",2.10838119551899e-07,0.26725917427637,0.234,0.058,0.00291715622212007
"Bbx",2.31144903405766e-07,0.358233616909613,0.201,0.043,0.00319812088352217
"Gtf2i",2.52730928986589e-07,0.26956758421995,0.261,0.074,0.00349678513345844
"Tspan9",2.62601193920356e-07,0.279712190466201,0.245,0.066,0.00363335011908204
"She",2.68831166825153e-07,0.404895905154746,0.179,0.035,0.00371954802419281
"Fnbp1l",2.72212270112974e-07,0.349027937873712,0.207,0.047,0.00376632896928311
"Hipk1",2.75204217790651e-07,0.376228470167962,0.212,0.051,0.00380772555735144
"Txnl1",2.86405988993363e-07,0.250080148819863,0.304,0.101,0.00396271326371218
"Ccdc91",2.89982198722488e-07,0.277306881764948,0.152,0.019,0.00401219370152434
"Rere",2.92551724450931e-07,0.288003903595744,0.152,0.019,0.00404774565950308
"Ppp5c",2.92551724450931e-07,0.280705156599961,0.152,0.019,0.00404774565950308
"Hnrnph1",3.03885021888201e-07,0.25688473904216,0.402,0.156,0.00420455316284515
"Nufip2",3.28186656695481e-07,0.266534313067218,0.201,0.043,0.00454079058203867
"Pkd2",3.43630540774935e-07,0.301225360588684,0.158,0.023,0.004754472162162
"Prpf8",3.4743336916228e-07,0.276651712306155,0.212,0.051,0.0048070880957293
"Cdc5l",3.53305990497728e-07,0.254707684770696,0.234,0.062,0.00488834168452656
"Taf10",3.62726238610127e-07,0.283965676412078,0.179,0.035,0.00501868023740971
"Impad1",3.72165171197379e-07,0.256799914778489,0.201,0.043,0.00514927730868693
"Rbm5",3.92812189049406e-07,0.284674758821096,0.255,0.074,0.00543494944768759
"Dhx9",4.04409704005218e-07,0.368141333916825,0.147,0.019,0.0055954126646162
"C1qtnf2",4.04606353456715e-07,0.252880553613429,0.109,0.004,0.00559813350642711
"Spopl",4.09795631497967e-07,0.269016160004691,0.12,0.008,0.00566993235740587
"Polr2a",4.20226135733562e-07,0.326915813068613,0.174,0.031,0.00581424881400956
"Fam63b",4.3710229237089e-07,0.295115801227349,0.315,0.109,0.00604774731724363
"Hmgcl",4.40806712525201e-07,0.285776985836614,0.174,0.031,0.00609900167449868
"Zfp467",4.50488247616007e-07,0.279646389119673,0.245,0.07,0.00623295539401508
"Bex4",4.6494176205361e-07,0.365688108477868,0.212,0.051,0.00643293421977375
"Ndufb6",4.83638162685684e-07,0.279900321990783,0.337,0.125,0.00669161761891913
"Akirin2",5.2861900712289e-07,0.258651575377529,0.201,0.047,0.00731397258255231
"Ppp1r12c",5.29777845652305e-07,0.326461079650602,0.207,0.051,0.00733000627244529
"Nipbl",5.41872979382189e-07,0.296744625756886,0.223,0.058,0.00749735454273196
"Trnau1ap",5.42680122862448e-07,0.299983332010418,0.234,0.062,0.00750852217992484
"Ube2z",5.43244836453372e-07,0.287902909374933,0.136,0.016,0.00751633555716886
"Tns2",5.51607214643121e-07,0.371672234932929,0.261,0.082,0.00763203742180222
"Eprs",5.58510136619386e-07,0.282960995342677,0.272,0.082,0.00772754625026583
"Ccni",5.62282320426028e-07,0.30751857601946,0.228,0.062,0.00777973818541453
"Brd7",6.00942111248591e-07,0.310102526852688,0.152,0.023,0.00831463505123551
"Plxnc1",6.21668700468173e-07,0.268739159498714,0.152,0.023,0.00860140813967764
"Smad1",6.24766702696536e-07,0.282655978622056,0.179,0.035,0.00864427209850927
"Slmap",6.43277562370622e-07,0.340830779863746,0.174,0.035,0.00890038835295993
"Inafm1",6.64113486397217e-07,0.259008526723093,0.136,0.016,0.0091886741977919
"Arhgef12",6.67298869886934e-07,0.362119151220093,0.255,0.078,0.00923274716375561
"Klhl5",6.7144585290344e-07,0.337083503917873,0.234,0.066,0.00929012482077199
"Mat2a",6.72406950570337e-07,0.28762938702259,0.565,0.268,0.00930342256809118
"Fam133b",6.72649187563884e-07,0.280900017725261,0.201,0.047,0.0093067741591339
"Fto",6.77744439773746e-07,0.253933340994449,0.223,0.058,0.00937727206870955
"Ahnak",7.04487821558736e-07,0.274541222961133,0.799,0.412,0.00974729349908666
"Agfg1",7.23744144781385e-07,0.281973376561302,0.125,0.012,0.0100137239871952
"Ly6c1",7.30066586047806e-07,-1.22217775855986,0.179,0.362,0.0101012012845574
"Unc13b",7.59224307641243e-07,0.251431531950931,0.19,0.043,0.0105046275205242
"Nudt19",7.72741155301938e-07,0.272495550104521,0.114,0.008,0.0106916466247576
"Pds5b",7.86074905852363e-07,0.262931111721186,0.168,0.031,0.0108761323973733
"Tpra1",7.87293757790667e-07,0.270936986470471,0.152,0.023,0.0108929964327917
"Ptpru",8.79204095524383e-07,0.267353018161589,0.103,0.004,0.0121646678656754
"Ahsg",9.26051502880138e-07,0.354975447790541,0.473,0.206,0.0128128485938496
"Dynll1",9.52940768624273e-07,0.354912473263112,0.766,0.424,0.0131848884746854
"Ube2h",1.03297793369294e-06,0.25137937367395,0.245,0.074,0.0142922826905756
"Apold1",1.0601161065529e-06,0.372771808164434,0.418,0.179,0.0146677664502659
"Ric8",1.08280136719429e-06,0.309952506575494,0.158,0.027,0.0149816397165002
"Irf2bpl",1.09312686375339e-06,0.285146260960837,0.234,0.066,0.0151245032868919
"Mylip",1.10355384013618e-06,0.257213800099846,0.293,0.101,0.0152687709321242
"Fhl2",1.18333982251565e-06,0.274685483812167,0.158,0.027,0.0163726897843265
"Enpp2",1.20413964906181e-06,0.395809368351316,0.277,0.089,0.0166604761844191
"Dync1h1",1.27728491284303e-06,0.308170407096802,0.212,0.058,0.0176725140540962
"Rnf125",1.32867986698306e-06,0.263590190661235,0.12,0.012,0.0183836146395777
"Med13l",1.34244631361562e-06,0.366235407732438,0.147,0.023,0.0185740871951857
"Gm26802",1.36424095618491e-06,0.321300454638037,0.163,0.031,0.0188756378697745
"Pet100",1.53454378838452e-06,0.263119701169917,0.266,0.086,0.0212319478560883
"Pcbp4",1.56686730670608e-06,0.252257915061595,0.168,0.035,0.0216791760555853
"Smoc1",1.57061866441292e-06,0.378824665192634,0.332,0.128,0.0217310798408171
"Ganab",1.57817897221633e-06,0.256662347437638,0.185,0.043,0.0218356842595852
"H2-Q6",1.59141150881263e-06,-1.00266919871739,0.082,0.245,0.0220187696359316
"Yy1",1.66539787746279e-06,0.251174822819364,0.179,0.039,0.0230424450325751
"Insr",1.69633132848955e-06,0.274529162968756,0.158,0.027,0.0234704402609815
"Golim4",1.80508098885755e-06,0.273786573778234,0.321,0.121,0.0249751005618331
"Akap11",1.84958689523391e-06,0.250794359987982,0.109,0.008,0.0255908842824564
"Lamb1",1.90622223472128e-06,0.275091910618009,0.196,0.047,0.0263744908396036
"Cd164",1.91684611879621e-06,0.317328017053374,0.255,0.082,0.0265214828996643
"Atp6v1h",1.93654283552478e-06,0.276725297330102,0.152,0.027,0.0267940066723209
"Art4",1.97233007954767e-06,0.309770935472997,0.19,0.047,0.0272891589806215
"0610009O20Rik",2.01591657521999e-06,0.306396483204032,0.141,0.023,0.0278922217347437
"Arntl",2.04809133656692e-06,0.26790632606781,0.152,0.027,0.02833739173274
"Rock2",2.11768221114101e-06,0.303925261856808,0.228,0.07,0.0293002510733471
"Caskin2",2.27873084851188e-06,0.254269264609922,0.179,0.039,0.0315285200200104
"Akap12",2.28184165778309e-06,0.452266044189295,0.234,0.07,0.0315715611770868
"Slc7a1",2.28804502611703e-06,0.271438891282033,0.136,0.019,0.0316573909813552
"Ripply3",2.32487849402269e-06,0.309639318362106,0.125,0.016,0.032167018843298
"Spns2",2.34527774820023e-06,0.264729684704608,0.152,0.027,0.0324492629240984
"Msh2",2.83053818507359e-06,0.291286576660791,0.141,0.023,0.0391633263286782
"Rad50",2.85514850045208e-06,0.250726963963369,0.125,0.016,0.039503834652255
"Cog8",2.93074955027772e-06,0.250266026580353,0.185,0.047,0.0405498507776426
"Clic5",3.18561337486328e-06,0.363221868898781,0.185,0.047,0.0440761466546084
"Tmem164",3.20361736959041e-06,0.360875926993069,0.179,0.043,0.0443252499256529
"Adgrg6",3.28925748929863e-06,0.283685042268128,0.114,0.012,0.0455101666219359
"U2af2",3.43670990668673e-06,0.273373561648316,0.239,0.074,0.0475503182689175
"Atg101",3.50715337991984e-06,0.269264409927024,0.223,0.066,0.0485249741645709
"Pald1",3.64908806532176e-06,0.292138701774142,0.103,0.008,0.0504887824717919
"Prpf6",3.76806679407159e-06,0.264727443438606,0.141,0.023,0.0521349721627745
"Alad",3.7686372860582e-06,0.272731735417503,0.158,0.031,0.0521428654899013
"Mpst",4.04215538103768e-06,0.311225650095738,0.147,0.027,0.0559272618520374
"Ano6",4.21497899587383e-06,0.285549303392074,0.179,0.043,0.0583184493869103
"Heph",4.23246125946087e-06,0.251067253594307,0.103,0.008,0.0585603339859006
"Twsg1",5.06995856713628e-06,0.299588770125708,0.168,0.039,0.0701479467348975
"Dag1",5.15212628217499e-06,0.301582801611901,0.19,0.051,0.0712848192401731
"Stt3b",5.59315930328662e-06,0.301467649124167,0.223,0.07,0.0773869521202736
"Bmp4",5.69639363880936e-06,-1.06082036827395,0.087,0.241,0.0788153023865663
"Fdx1",5.7138816359705e-06,0.258447425470019,0.228,0.074,0.0790572663152879
"Mbd2",5.87749771215995e-06,0.296274408663672,0.136,0.023,0.081321058345445
"Ophn1",5.95512078974315e-06,0.271630050628575,0.12,0.016,0.0823950512468863
"Col4a4",6.11157391056769e-06,0.292021119729531,0.152,0.031,0.0845597366266145
"Dusp11",6.16869305170836e-06,0.349887309619129,0.179,0.047,0.0853500370634369
"Celf2",6.27008515590069e-06,0.259049683257706,0.136,0.023,0.0867528982170419
"Snrnp200",6.43965208744532e-06,0.297010705522433,0.125,0.019,0.0890990262818935
"Nkap",6.84192394990439e-06,0.256953919366278,0.158,0.035,0.0946648597708772
"Tlk1",7.36936358810721e-06,0.27188767901118,0.125,0.019,0.101962514605051
"Hipk3",7.60336185707969e-06,0.322514305809873,0.168,0.043,0.105200114654555
"Zfp664",8.01420316244747e-06,0.252749545516006,0.125,0.019,0.110884514955623
"Ifitm3",8.16381837924278e-06,-0.331363421829745,0.951,0.926,0.112954591095203
"Megf9",8.72113890595183e-06,0.362308580902559,0.13,0.023,0.12066567790275
"Tob2",8.82706148902799e-06,0.35306104086725,0.179,0.047,0.122131222762191
"Epha4",9.0563341775295e-06,0.290727444828215,0.239,0.082,0.125303439680298
"Nsd1",9.22781206486169e-06,0.352173535907676,0.13,0.023,0.127676007729426
"Rasal2",9.81231428229893e-06,0.340389519971857,0.147,0.031,0.135763180409888
"Calm2",1.01474637122177e-05,0.26804385927434,0.864,0.518,0.140400307922243
"Rnf138",1.11608125924949e-05,0.252557084774003,0.163,0.039,0.154421003029759
"Plekho1",1.31754628509387e-05,0.29238322552705,0.174,0.047,0.182295704005587
"Lum",1.44772626624953e-05,0.307633340948631,0.408,0.191,0.200307406198284
"Mga",1.53041587732546e-05,0.404999517916629,0.201,0.066,0.211748340786751
"Taok1",1.56825864575295e-05,0.28141414317026,0.207,0.066,0.216984266226378
"Fbxl12",1.59402408724898e-05,0.295773704076554,0.103,0.012,0.220549172711769
"4930402H24Rik",1.65403560168955e-05,0.286439936320117,0.179,0.051,0.228852365849766
"Rspry1",1.88172539172965e-05,0.29589882432183,0.125,0.023,0.260355525199714
"Cep170",2.18410242969638e-05,0.263405571027197,0.109,0.016,0.302192412172792
"Anapc1",2.34627062776545e-05,0.256755780029058,0.125,0.023,0.324630004057628
"Mllt6",2.53404233029252e-05,0.280774317000573,0.168,0.047,0.350610096819273
"Igf2r",2.92517964160723e-05,0.257816546048794,0.321,0.14,0.404727855212776
"Actg1",3.02928116479763e-05,0.250678234485805,0.935,0.615,0.4191313419614
"Plac8",3.08047548445791e-05,-0.915282026747936,0.011,0.113,0.426214588029597
"Usp16",3.22800121887866e-05,0.258267350678194,0.114,0.019,0.446626248644052
"Mrps11",3.52284381863182e-05,0.264092051943808,0.12,0.023,0.487420670745899
"H2-Ab1",3.67218169245758e-05,-1.07293678259864,0.027,0.14,0.508083058968431
"Slc12a6",3.85781660438687e-05,0.279921820355979,0.136,0.031,0.533767505382967
"H2-Aa",4.09914202026532e-05,-1.05194807620473,0.054,0.179,0.567157289923909
"Adh1",4.21320341321245e-05,0.294442185978416,0.245,0.093,0.582938824252074
"Trrap",4.37652349193744e-05,0.286579358632376,0.103,0.016,0.605535790344464
"Phlda1",4.88183286080329e-05,0.366254405792457,0.207,0.07,0.675450394620744
"Ctgf",5.29642360948572e-05,0.253072645985642,0.201,0.066,0.732813170608445
"Galnt11",5.74381810139876e-05,0.280592402966467,0.125,0.027,0.794714672509533
"Lyve1",5.74475698850135e-05,0.313176988843298,0.277,0.113,0.794844576929047
"Naa15",6.10053065071313e-05,0.258955411432135,0.163,0.047,0.844069420832668
"Tm4sf1",6.2625902606442e-05,0.273985751419033,0.989,0.949,0.866491988462732
"Tet3",6.44344861491448e-05,0.277541197630643,0.109,0.019,0.891515550359567
"Fyn",6.73374828933064e-05,0.261629808441879,0.147,0.039,0.931681413311787
"Nudt16l1",6.740532497677e-05,0.3494132477789,0.13,0.031,0.932620076378589
"H2-Eb1",7.05762012395079e-05,-0.829866438557357,0.022,0.125,0.976492320349832
"Slc39a1",7.51377071004529e-05,-0.872303731995714,0.272,0.377,1
"Dnmt3a",7.75263231315977e-05,0.252601702686748,0.125,0.027,1
"Ccdc71l",7.76406535006579e-05,0.260873755114471,0.13,0.031,1
"Edn1",9.01162030704351e-05,-1.16343490037353,0.163,0.296,1
"Efna5",0.000106294615418403,-0.674240711334683,0.016,0.113,1
"Ndufa4l2",0.000108412258620149,0.383633816761963,0.163,0.051,1
"Igf2",0.000108761159838337,0.385373973696614,0.223,0.086,1
"Ppp1r9b",0.000120906734209938,0.270839663816237,0.103,0.019,1
"Egr1",0.000125241938634383,0.304184686074871,0.75,0.475,1
"Tgfbr1",0.000130768943596519,0.295021332264453,0.103,0.019,1
"Fbln5",0.00013257675921787,-1.11340962981591,0.098,0.222,1
"H2-Q7",0.000148312582161142,-0.810279437138034,0.185,0.311,1
"Mrpl44",0.000149980677768172,0.274561448303578,0.109,0.023,1
"1110008P14Rik",0.000157283218383804,0.277255099432051,0.147,0.043,1
"AW112010",0.000174990856637426,-1.04743928427596,0.12,0.241,1
"Slk",0.000198774170777874,0.256805819850465,0.109,0.023,1
"Wsb2",0.000206041628534201,0.298017804459787,0.12,0.031,1
"Cyp4b1",0.000283600147250866,-0.9025105939971,0.065,0.175,1
"Nupr1",0.000301547919864264,-1.06157210039374,0.043,0.144,1
"Rcan1",0.000302983500163613,0.302618549229528,0.207,0.082,1
"Gnb1",0.000477086412528607,-0.682507929998229,0.63,0.588,1
"Cd36",0.000540397495812428,-0.600725252890351,0.435,0.518,1
"mt-Nd1",0.000694078644482286,-0.341676024765771,0.984,0.907,1
"Timp3",0.000829330251085331,0.309116182511193,0.728,0.471,1
"Nts",0.00250740051156831,0.605713070460696,0.141,0.058,1
"Lrrc8a",0.00257259569977999,-0.750076803338111,0.37,0.412,1
"Dcn",0.00258768578607647,0.280034523624435,0.853,0.685,1
"Isg15",0.00264028001679576,-0.822074262773387,0.185,0.276,1
"Cd200",0.00276831981733778,-0.609626856044567,0.603,0.545,1
"Serpinb6b",0.00279524437180236,-0.757926141196892,0.054,0.136,1
"Lrg1",0.00333657791881964,-0.583621468071732,0.12,0.218,1
"Rpl31",0.0038656537661487,-0.254844218688178,0.946,0.778,1
"Ssr4",0.00552099523759103,-0.264499972295924,0.435,0.237,1
"Stmn2",0.00952042685041924,-0.753923452057601,0.082,0.156,1
"Ctla2a",0.0100021000532454,-0.444470232137762,0.783,0.7,1
"Efemp1",0.0102944353259595,-0.704244474380113,0.098,0.171,1
"Cd24a",0.0115665142781401,-0.541133594125695,0.071,0.144,1
"Sat1",0.0130817230033997,-0.496341992272366,0.598,0.553,1
"Paip1",0.0147625942416841,-0.784184134209244,0.13,0.198,1
"Abhd2",0.0156615013250877,-0.745033841908505,0.163,0.23,1
"Cldn5",0.0169667951579447,-0.466531798923402,0.13,0.206,1
"S100a6",0.0200593082398647,-0.670602594900008,0.386,0.409,1
"Pim1",0.0221734403048309,-0.901845661182889,0.288,0.323,1
"Capza2",0.0251249618761912,-0.321392977740429,0.435,0.257,1
"1810058I24Rik",0.026528974279214,-0.268151229911823,0.272,0.152,1
"Igfbp7",0.0297721042509781,-0.592824652885275,0.484,0.467,1
"Marf1",0.0305361163848489,-0.636029476592917,0.12,0.179,1
"Srsf2",0.0363731390413501,-0.67053053536173,0.478,0.436,1
"Irf7",0.0379507926013059,-0.592613297155062,0.06,0.113,1
"Sfpq",0.0379638058128178,-0.283260118648724,0.402,0.237,1
"Tspan12",0.0394826807013878,-0.282752365871755,0.201,0.113,1
"Ier3",0.0403777033734399,-0.653181756053601,0.457,0.436,1
"Capn2",0.0469106031339885,-0.258591066420237,0.364,0.226,1
"Banf1",0.0491783648210615,-0.253504832845604,0.234,0.136,1
"Prdx6",0.0535645571726096,-0.504499393302198,0.261,0.16,1
"Slc6a6",0.0556982963108763,-0.558396107602327,0.076,0.128,1
"Skp1a",0.0599617462171794,-0.292298630643846,0.31,0.195,1
"Cyr61",0.0646681877750493,-0.42493314652564,0.554,0.525,1
"Iigp1",0.0658284181789642,-0.713474848234478,0.234,0.276,1
"Gsk3b",0.0661090703267988,-0.309127688473383,0.337,0.214,1
"Ldha",0.0678402533938873,-0.259180882555234,0.62,0.377,1
"Plscr1",0.0735038508210556,-0.428678528670994,0.076,0.125,1
"Ndufa12",0.0849406678857418,-0.267121948779119,0.353,0.226,1
"Lbr",0.0885870192015251,-0.279869659651186,0.201,0.125,1
"Ndufb10",0.0935090277543801,-0.263241095853368,0.397,0.261,1
"Ace",0.095202129564917,-0.477428840702763,0.071,0.113,1
"Prrc2c",0.0963631411824068,-0.320892377606823,0.348,0.226,1
"Tram1",0.0967596512263058,-0.335061683290232,0.37,0.237,1
"Osbpl9",0.104115333422434,-0.250954467205049,0.245,0.16,1
"Dusp3",0.105453559599103,-0.611004318146845,0.527,0.436,1
"Gpihbp1",0.105481917603662,-0.6556296556563,0.38,0.374,1
"Ncoa3",0.105776690054136,-0.531202466728501,0.109,0.152,1
"Cxcl12",0.108281342397609,-0.789251481492173,0.212,0.241,1
"Scp2",0.108873123049242,-0.276172867070297,0.484,0.307,1
"Gm10076",0.110592794057195,-0.253963753068484,0.462,0.304,1
"Csrp1",0.123180241118173,-0.281979379183446,0.228,0.148,1
"Atf3",0.126435040689199,-0.332509432816799,0.37,0.401,1
"Copz1",0.127159585328818,-0.272201562368963,0.152,0.093,1
"Fez2",0.13105351279831,-0.292972811487465,0.207,0.132,1
"Id1",0.133700153411958,-0.551957637107942,0.592,0.482,1
"Ifit1",0.138030654755015,-0.487921159771791,0.076,0.113,1
"Rbm3",0.146949156620931,-0.529812133791903,0.402,0.381,1
"Rpl23a-ps3",0.152262186726772,-0.296690435220225,0.815,0.626,1
"Serpinb9",0.154560176566425,-0.264034512760087,0.185,0.121,1
"PISD",0.15882338145589,-0.257849113760684,0.163,0.105,1
"Fzd6",0.163583484375947,-0.276031889409684,0.196,0.132,1
"Ssr1",0.170219803925675,-0.388858414883534,0.364,0.245,1
"Xaf1",0.172196096845731,-0.578818702576599,0.114,0.148,1
"Supt16",0.175743859824085,-0.300120343900276,0.19,0.125,1
"Slc3a2",0.18912548568508,-0.283358198518731,0.565,0.362,1
"Clasp2",0.190917876756964,-0.502427940058024,0.098,0.128,1
"Picalm",0.194018815883192,-0.323868845866481,0.168,0.113,1
"Psme1",0.198171286407283,-0.268615736196162,0.386,0.268,1
"Aqp1",0.207872806216344,-0.488388560430697,0.408,0.389,1
"Maml2",0.212507240453373,-0.250453623157798,0.147,0.097,1
"Capg",0.215618681612922,-0.279050722027097,0.196,0.132,1
"Pan3",0.221520465378939,-0.534567201160515,0.12,0.148,1
"Actn1",0.222878699758502,-0.30885826775571,0.266,0.187,1
"C1qtnf9",0.224540111336918,-0.476544206608549,0.076,0.105,1
"Pdcd4",0.22476712450189,-0.559117683939266,0.163,0.187,1
"Pcnp",0.233088779386824,-0.305324109773382,0.332,0.23,1
"Pla2g16",0.234601761053643,-0.427418400577551,0.13,0.163,1
"Cxcl1",0.236013569153675,-0.488293234430952,0.147,0.175,1
"B4galt1",0.239341228845359,-0.670068118504851,0.125,0.152,1
"Capzb",0.24264296135041,-0.310374614083075,0.484,0.327,1
"Spry2",0.24391510588693,-0.559684242145349,0.147,0.171,1
"Eif4a1",0.266155477282791,-0.278076144554343,0.663,0.447,1
"Rbp7",0.266952353269639,-0.521695113703681,0.098,0.125,1
"Sgk1",0.267246181138268,-0.346022777875665,0.576,0.37,1
"Rpl15",0.281459267495392,-0.263756891530876,0.832,0.584,1
"4933434E20Rik",0.287988456250416,-0.30911253962091,0.168,0.121,1
"Rhoa",0.29227552204216,-0.451882735429631,0.717,0.518,1
"Rasl11a",0.296412849964268,-0.442642700259873,0.076,0.101,1
"Lgals9",0.300418017375011,-0.39913268750695,0.283,0.202,1
"Fxyd5",0.301592794216762,-0.580446399066874,0.391,0.346,1
"Wtap",0.304544415497003,-0.688325799184445,0.19,0.202,1
"Serping1",0.304646413271686,-0.564793348948398,0.163,0.179,1
"Cbx3",0.30612647619237,-0.663508094139097,0.353,0.319,1
"Kdm6b",0.310759695047597,-0.51992028838027,0.261,0.265,1
"Nmt2",0.318626774037141,-0.285341073409108,0.179,0.132,1
"Mkl2",0.329598306293394,-0.278220024119974,0.179,0.128,1
"Tubb5",0.334740116220596,-0.343743045083522,0.745,0.549,1
"Rgcc",0.338072773344882,-0.376704943449878,0.087,0.109,1
"Gadd45b",0.340334051202106,-0.290434276688429,0.196,0.144,1
"Wdr89",0.340994222669755,-0.342751091846232,0.734,0.525,1
"Rps26",0.346231253779741,-0.302857275249307,0.821,0.588,1
"Sept2",0.35292672289479,-0.335232080491211,0.332,0.237,1
"Lgals3bp",0.360582546890031,-0.255434875531248,0.114,0.082,1
"Mrpl33",0.36099179647839,-0.442420984797304,0.315,0.23,1
"Sod3",0.369921097102298,-0.275995903290554,0.109,0.078,1
"Gm10036",0.373202560242795,-0.382321700387991,0.342,0.253,1
"Cdkn1b",0.376499338647607,-0.512438550821447,0.13,0.144,1
"Ephx2",0.378125452133532,-0.304838434685156,0.228,0.171,1
"Timm8b",0.381695626634916,-0.297539242686213,0.19,0.144,1
"Myh9",0.388540258011057,-0.582746618003539,0.272,0.261,1
"Dhrs3",0.393754494735307,-0.336172678751765,0.196,0.144,1
"F11r",0.397521137086027,-0.272528310019645,0.179,0.14,1
"Flot1",0.400978671290424,-0.253812085690792,0.168,0.128,1
"Lmcd1",0.412673509280804,-0.389231115811398,0.098,0.117,1
"Cmip",0.415930596412911,-0.399695315403038,0.163,0.179,1
"Akt1s1",0.418117293429143,-0.299162311171601,0.141,0.105,1
"Tmf1",0.423155578388134,-0.272853756641565,0.136,0.101,1
"Cirbp",0.430634532660635,-0.596164187351386,0.272,0.257,1
"Anxa2",0.446917456024176,-0.275731445540395,0.772,0.572,1
"Rps26-ps1",0.455566930579733,-0.464799122433006,0.348,0.257,1
"Tmem158",0.457101670561931,-0.453055524076032,0.299,0.222,1
"Uvssa",0.465397585620211,-0.360660345832799,0.125,0.093,1
"Fblim1",0.467682391335352,-0.296241714959037,0.12,0.089,1
"Sp110",0.469601796328046,-0.438605899550541,0.109,0.125,1
"Yes1",0.472752694210343,-0.470542941180962,0.179,0.136,1
"Sec61g",0.484349031346647,-0.258728637922512,0.685,0.463,1
"Gm10263",0.488382676248299,-0.374396122512469,0.326,0.249,1
"Tmem258",0.490313286553496,-0.318736694437642,0.283,0.218,1
"Acot13",0.490877332383906,-0.264124043267516,0.13,0.101,1
"Procr",0.492972803697282,-0.517584349144753,0.114,0.125,1
"Lpar6",0.494460966009029,-0.258930385073003,0.152,0.121,1
"Ptrf",0.494577741037638,-0.444271810357045,0.614,0.412,1
"Abcg2",0.497114470457022,-0.33851886557178,0.201,0.16,1
"S100a11",0.500349174804756,-0.268934639149874,0.848,0.626,1
"Flii",0.505773673833232,-0.386056612666471,0.201,0.156,1
"Sox18",0.509389950879468,-0.424856725565949,0.228,0.226,1
"Rps18-ps3",0.51611416838734,-0.340644146799043,0.527,0.366,1
"Hnrnpl",0.521056758799519,-0.293305032953298,0.245,0.191,1
"Tmem242",0.524787989734205,-0.252981322506711,0.114,0.089,1
"Yme1l1",0.525644353676288,-0.566345533484947,0.228,0.218,1
"P3h4",0.547296120442896,-0.28870278207406,0.109,0.086,1
"Clu",0.554016551313318,-0.449482708962124,0.625,0.436,1
"Malat1",0.568556919727812,-0.279380342577185,0.995,1,1
"Txnrd1",0.571362469946742,-0.311913075530039,0.114,0.089,1
"Nmi",0.579122257889057,-0.275524847225709,0.13,0.105,1
"Gadd45g",0.580396287570775,-0.279980666179619,0.484,0.362,1
"Tspan7",0.58404920022486,-0.497958301413988,0.25,0.233,1
"Mfap5",0.596038182209334,-0.282661562109207,0.13,0.105,1
"Cdkn1a",0.597783980923912,-0.330722224962014,0.234,0.191,1
"Idh2",0.613593891419997,-0.296376315511096,0.141,0.117,1
"Lgals1",0.624787909978814,-0.472815587781916,0.207,0.195,1
"Srp54b",0.634038765650132,-0.30404328467655,0.179,0.148,1
"Arglu1",0.635648491300089,-0.442107667073674,0.332,0.253,1
"Lgmn",0.637323617036713,-0.449479282525048,0.212,0.202,1
"Alkbh5",0.64081951384562,-0.450686626579781,0.261,0.202,1
"Sparcl1",0.643339532053397,-0.401556514940007,0.125,0.128,1
"St13",0.649949374621421,-0.382959039913372,0.326,0.257,1
"Dll1",0.684668131642026,-0.353012987945155,0.103,0.086,1
"Skil",0.689406972854228,-0.303225390050859,0.174,0.144,1
"Tacc1",0.692465644831323,-0.365129456702056,0.337,0.261,1
"Dusp2",0.695674508395074,-0.596289514328532,0.12,0.097,1
"Rnf115",0.701466345608367,-0.255024843827757,0.125,0.105,1
"Dpysl2",0.705210924526207,-0.340922630692102,0.375,0.296,1
"Psmb8",0.719292580654709,-0.505263973303204,0.413,0.307,1
"Ifit3",0.724777077247352,-0.395492799119124,0.103,0.105,1
"Sept10",0.726389530390238,-0.370451450782517,0.163,0.16,1
"Impact",0.734246670340724,-0.278210976304143,0.109,0.093,1
"Tpm3",0.740099104646464,-0.371529400378709,0.533,0.385,1
"H2-Q4",0.757034018274188,-0.422056981073674,0.212,0.198,1
"Kdelr2",0.760843643876693,-0.523466342685863,0.408,0.335,1
"Mcmbp",0.762412159025839,-0.413605943945128,0.125,0.125,1
"Glul",0.768439653165467,-0.413754368532113,0.141,0.121,1
"AU021092",0.770358286600714,-0.287739160507595,0.163,0.16,1
"Slbp",0.77540087289698,-0.332024949710611,0.141,0.121,1
"Rnd1",0.775554823256146,-0.359291694289826,0.364,0.319,1
"Wsb1",0.783383171670882,-0.330565521312335,0.179,0.152,1
"Neat1",0.79023346750387,-0.420646988093272,0.359,0.315,1
"Srgn",0.801740335282637,-0.315579191407991,0.293,0.261,1
"Ackr3",0.806131816640001,-0.436438395469592,0.375,0.319,1
"Mgll",0.812275310712864,-0.400230518729719,0.299,0.268,1
"Gm9843",0.813373493655086,-0.279256854558836,0.745,0.498,1
"Ube2l6",0.825317448634272,-0.49190734402388,0.13,0.125,1
"Snrpg",0.838004692271732,-0.307581078904159,0.598,0.44,1
"Rtp4",0.838490703846571,-0.360073803174753,0.158,0.148,1
"Sh3bgrl3",0.847826114877049,-0.406367561187915,0.663,0.44,1
"C1ra",0.860880667939205,-0.292766136236935,0.109,0.097,1
"Eln",0.883639720551875,-0.352238603454409,0.299,0.245,1
"Htra1",0.905194603331144,-0.307027963948477,0.125,0.121,1
"Bhlhe40",0.917914774931487,-0.450227500294072,0.168,0.148,1
"Sik1",0.924875944270759,-0.557355750030157,0.179,0.16,1
"Fas",0.93953742641019,-0.366407900669393,0.147,0.136,1
"Ehd4",0.957266830344248,-0.462814468426655,0.424,0.323,1
"Aebp1",0.963615967007651,-0.277904423013281,0.125,0.117,1
"Kmt2d",0.97823614552223,-0.372571766558442,0.13,0.117,1
"Sdc4",0.991446129914031,-0.426140887559422,0.168,0.152,1
