"","V1","V2","cl_kmeans","cl_hierarchical","CellNames"
"Cell_1",-2.89051404789988,12.1754602684624,"3","1","Cell_1"
"Cell_2",-11.7964295822281,28.2006652959597,"5","2","Cell_2"
"Cell_3",-2.96520153930591,-36.5068026651683,"2","3","Cell_3"
"Cell_4",-5.7641243900438,-15.0989086249213,"1","4","Cell_4"
"Cell_5",21.3761112649207,-14.4144556081115,"8","5","Cell_5"
"Cell_6",25.3489683670191,-13.0099274599209,"8","5","Cell_6"
"Cell_7",19.0892929990473,-14.8921078712133,"8","6","Cell_7"
"Cell_8",5.01503728626063,7.28734636750828,"3","1","Cell_8"
"Cell_9",-13.3743456425335,-4.71415887085686,"1","4","Cell_9"
"Cell_10",-10.4877187930336,-17.1007566876718,"1","4","Cell_10"
"Cell_11",18.6867282674697,-5.77071478331189,"8","6","Cell_11"
"Cell_12",-6.17590950827125,21.644186441098,"5","2","Cell_12"
"Cell_13",-19.5326937604585,-5.07945222469547,"1","4","Cell_13"
"Cell_14",8.65568091134581,9.53571335350209,"6","1","Cell_14"
"Cell_15",-26.381431584655,-6.2185589178796,"1","4","Cell_15"
"Cell_16",-10.4081415173591,-27.9842003467787,"2","4","Cell_16"
"Cell_17",-6.29739206971887,-29.3085377735971,"2","4","Cell_17"
"Cell_18",-6.89668290156166,4.74648244151034,"3","4","Cell_18"
"Cell_19",-3.57693416269716,12.2705983209913,"3","1","Cell_19"
"Cell_20",8.2470846990057,27.3467581642416,"6","2","Cell_20"
"Cell_21",-17.3833757985488,-29.2932169403855,"2","3","Cell_21"
"Cell_22",-16.6316254702708,21.3882815232102,"7","7","Cell_22"
"Cell_23",-21.4126166166221,-1.72191535003489,"1","4","Cell_23"
"Cell_24",-2.38716697496981,-29.6333950081023,"2","4","Cell_24"
"Cell_25",26.7754750658055,-14.3370920111048,"8","5","Cell_25"
"Cell_26",-18.1977534808253,-35.7909085191426,"2","3","Cell_26"
"Cell_27",-31.1603807581981,16.078717641528,"7","7","Cell_27"
"Cell_28",10.6522326178751,-5.70937156725814,"4","6","Cell_28"
"Cell_29",-15.2798019316157,-22.3313231159748,"1","4","Cell_29"
"Cell_30",12.8561936855544,-16.0777133523747,"4","6","Cell_30"
"Cell_31",-4.61074200196768,-22.724603390099,"2","4","Cell_31"
"Cell_32",-4.75282231083384,2.06376005455388,"3","4","Cell_32"
"Cell_33",-3.17620862131705,-6.91184034697617,"3","4","Cell_33"
"Cell_34",-7.55094931943967,34.5871939942929,"5","2","Cell_34"
"Cell_35",2.27076106296294,-38.4144774617804,"2","3","Cell_35"
"Cell_36",-19.2949244661931,-36.2320899987686,"2","3","Cell_36"
"Cell_37",-8.4778138089446,4.30315529351092,"3","4","Cell_37"
"Cell_38",19.4136765020232,-27.2558640883804,"4","6","Cell_38"
"Cell_39",-12.5234128036825,-39.9166360207575,"2","3","Cell_39"
"Cell_40",3.27410198590672,-37.9829728949236,"2","3","Cell_40"
"Cell_41",-23.5627447468857,-15.0892876032513,"1","4","Cell_41"
"Cell_42",-18.3474419121601,-36.2532366859836,"2","3","Cell_42"
"Cell_43",-0.842909946135014,-37.7734964300145,"2","3","Cell_43"
"Cell_44",6.05434572562236,-0.752728563783993,"3","1","Cell_44"
"Cell_45",1.79511635958127,6.76893109226871,"3","1","Cell_45"
"Cell_46",-8.77156315445759,36.5988513908044,"5","2","Cell_46"
"Cell_47",9.75587946833714,-11.5515742874354,"4","6","Cell_47"
"Cell_48",10.1977848792934,-16.8646738082073,"4","6","Cell_48"
"Cell_49",14.934425520265,-6.89525557896651,"4","6","Cell_49"
"Cell_50",-8.89662103445514,-12.5453183240471,"1","4","Cell_50"
"Cell_51",17.922203692374,-0.60472309525274,"8","8","Cell_51"
"Cell_52",-19.7039482579011,-8.86384159000203,"1","4","Cell_52"
"Cell_53",-16.9661826404854,-12.1671677515439,"1","4","Cell_53"
"Cell_54",2.30532968428033,-13.8286133398101,"4","4","Cell_54"
"Cell_55",-17.9322050207884,-6.03413214637176,"1","4","Cell_55"
"Cell_56",-2.64178043066728,11.7206129263204,"3","1","Cell_56"
"Cell_57",-20.4368247835035,-11.9778227493512,"1","4","Cell_57"
"Cell_58",-26.5636239394768,2.38201458773061,"7","7","Cell_58"
"Cell_59",25.8342674947163,-10.244684248615,"8","5","Cell_59"
"Cell_60",12.3768255253444,-12.6807456698438,"4","6","Cell_60"
"Cell_61",14.8615589014896,8.24172301125457,"6","1","Cell_61"
"Cell_62",7.33155981676951,-18.2712738175669,"4","6","Cell_62"
"Cell_63",9.0155185714005,-14.2680640584989,"4","6","Cell_63"
"Cell_64",-18.542736965501,-13.4018306627649,"1","4","Cell_64"
"Cell_65",0.568336159504824,40.2314215356192,"5","2","Cell_65"
"Cell_66",-22.7316874937165,-0.342202559985763,"7","7","Cell_66"
"Cell_67",-24.023800694756,2.4979621137475,"7","7","Cell_67"
"Cell_68",6.91364378776192,-22.3156336727449,"4","6","Cell_68"
"Cell_69",-7.4434145340191,-24.8277218149296,"2","4","Cell_69"
"Cell_70",-1.52065741431702,-2.1703685668889,"3","4","Cell_70"
"Cell_71",5.14826706032744,-38.1867301102989,"2","3","Cell_71"
"Cell_72",25.3012676806947,-4.92480134137503,"8","8","Cell_72"
"Cell_73",-6.03873302657237,41.8549541901795,"5","2","Cell_73"
"Cell_74",-32.086025266179,15.0920707111746,"7","7","Cell_74"
"Cell_75",0.181299231654315,-8.77072599694098,"4","4","Cell_75"
"Cell_76",-3.48066590622117,-19.728523052301,"2","4","Cell_76"
"Cell_77",12.433954004852,-6.46942075560751,"4","6","Cell_77"
"Cell_78",-19.9590723470436,19.6780048350207,"7","7","Cell_78"
"Cell_79",-17.8071354857421,-1.67315051796839,"1","4","Cell_79"
"Cell_80",3.94247893911538,-22.8228187565294,"4","6","Cell_80"
"Cell_81",-10.0126660520061,-22.8032517793449,"2","4","Cell_81"
"Cell_82",-17.5488268776912,-2.37278807356193,"1","4","Cell_82"
"Cell_83",-15.8042668365073,13.9317385194178,"7","7","Cell_83"
"Cell_84",-13.7461975436564,-7.02545378476255,"1","4","Cell_84"
"Cell_85",21.5309765342854,-16.3512089351779,"8","5","Cell_85"
"Cell_86",-4.243200040243,1.00478325266237,"3","4","Cell_86"
"Cell_87",27.4919851715046,-11.260485180029,"8","5","Cell_87"
"Cell_88",6.52986868385748,2.25886385136909,"3","1","Cell_88"
"Cell_89",16.531024003828,21.8856449134681,"6","8","Cell_89"
"Cell_90",-1.43016307356585,26.2426928070175,"5","2","Cell_90"
"Cell_91",-22.4735393743514,10.0725128598663,"7","7","Cell_91"
"Cell_92",3.93918549047181,-26.2511621397593,"2","6","Cell_92"
"Cell_93",14.9621875582807,-18.9822732237806,"4","6","Cell_93"
"Cell_94",-12.2320849189778,-25.3538428487808,"2","4","Cell_94"
"Cell_95",12.0432340676691,-28.6462889988625,"4","6","Cell_95"
"Cell_96",0.785100375471811,-8.55426680766106,"4","4","Cell_96"
"Cell_97",2.80335700628586,-35.73041152611,"2","3","Cell_97"
"Cell_98",-2.48803549733484,2.16730902518041,"3","4","Cell_98"
"Cell_99",-4.01457118519161,-7.41159220055627,"3","4","Cell_99"
"Cell_100",-2.00509268182637,25.0427694284158,"5","2","Cell_100"
"Cell_101",4.42011365340128,-36.9258258366654,"2","3","Cell_101"
"Cell_102",32.222834730076,-14.7574381872572,"8","5","Cell_102"
"Cell_103",-12.8489428667658,1.76581103839611,"1","4","Cell_103"
"Cell_104",18.3512519116715,-15.7964483080657,"4","6","Cell_104"
"Cell_105",-21.219208067934,-17.2546275224242,"1","4","Cell_105"
"Cell_106",-4.30766386877974,7.29151403100385,"3","4","Cell_106"
"Cell_107",-4.6527440196146,-21.2848663889054,"2","4","Cell_107"
"Cell_108",-10.1241594564661,-24.024401017478,"2","4","Cell_108"
"Cell_109",29.0661805445591,-13.3212643935972,"8","5","Cell_109"
"Cell_110",0.0964377561847633,21.8310513706443,"5","2","Cell_110"
"Cell_111",-4.67995742178413,-22.7159082534156,"2","4","Cell_111"
"Cell_112",27.4119369099162,-13.5530107430705,"8","5","Cell_112"
"Cell_113",-8.20601991429966,9.42371939827869,"3","4","Cell_113"
"Cell_114",-16.5111124060418,-19.8826510791711,"1","4","Cell_114"
"Cell_115",23.3989781040895,-11.6406549937962,"8","5","Cell_115"
"Cell_116",4.41019058050731,-36.3052715706935,"2","3","Cell_116"
"Cell_117",14.871339750542,-11.1374167947462,"4","6","Cell_117"
"Cell_118",26.7893610718202,-15.2896284421776,"8","5","Cell_118"
"Cell_119",-18.7065383691024,5.57893198771673,"7","7","Cell_119"
"Cell_120",6.04873163036729,-12.583049106209,"4","6","Cell_120"
"Cell_121",-4.13711098169672,-18.8168829613003,"2","4","Cell_121"
"Cell_122",26.9251580461521,-14.3070257553606,"8","5","Cell_122"
"Cell_123",12.4404373305441,-27.6934654503383,"4","6","Cell_123"
"Cell_124",37.9849791331298,-17.7238204222265,"8","5","Cell_124"
"Cell_125",8.66726767722265,9.53640772555481,"6","1","Cell_125"
"Cell_126",25.8307302821692,-13.9186252642511,"8","5","Cell_126"
"Cell_127",26.7670893743923,-20.2485142324616,"8","5","Cell_127"
"Cell_128",4.04594976179257,-2.54528839735633,"3","1","Cell_128"
"Cell_129",13.1198895759923,-2.5788315332725,"4","6","Cell_129"
"Cell_130",25.4955655726566,-14.5523575518582,"8","5","Cell_130"
"Cell_131",4.91682402302117,-22.3456228908693,"4","6","Cell_131"
"Cell_132",5.72588864803508,-16.4228288934025,"4","6","Cell_132"
"Cell_133",15.578601204809,-16.4790967965428,"4","6","Cell_133"
"Cell_134",25.5185484181314,-16.3057733853673,"8","5","Cell_134"
"Cell_135",-7.46353317405633,-20.4620864244954,"2","4","Cell_135"
"Cell_136",-9.38316863806681,-1.00545305205149,"3","4","Cell_136"
"Cell_137",10.5617067050671,-13.200142376322,"4","6","Cell_137"
"Cell_138",-0.944358039784061,-27.0194190539762,"2","4","Cell_138"
"Cell_139",-19.2487479743321,8.89452033348992,"7","7","Cell_139"
"Cell_140",-18.7208808156143,11.1723640265774,"7","7","Cell_140"
"Cell_141",-23.226381530741,-10.7697471894148,"1","4","Cell_141"
"Cell_142",9.04672513634737,-24.89226134058,"4","6","Cell_142"
"Cell_143",-7.90419276739768,6.27599278904447,"3","4","Cell_143"
"Cell_144",5.48301002183545,-39.3989435837214,"2","3","Cell_144"
"Cell_145",-1.00928670202064,-22.1943446791682,"2","4","Cell_145"
"Cell_146",12.3267842464547,-27.0720848327262,"4","6","Cell_146"
"Cell_147",-4.90410223511059,27.0983856892156,"5","2","Cell_147"
"Cell_148",17.6358171515385,-12.7768591003532,"4","6","Cell_148"
"Cell_149",3.23980960712093,-11.0853952593188,"4","4","Cell_149"
"Cell_150",-16.3638553124239,-12.398304559162,"1","4","Cell_150"
"Cell_151",12.5532177850719,-11.7931081094429,"4","6","Cell_151"
"Cell_152",3.91729773410376,-37.8840718624269,"2","3","Cell_152"
"Cell_153",18.764110502526,18.5551258919587,"6","8","Cell_153"
"Cell_154",2.55716880141799,-27.835941274678,"2","3","Cell_154"
"Cell_155",3.07088811951492,-17.892260667718,"4","6","Cell_155"
"Cell_156",-27.3696442986472,7.65648401627306,"7","7","Cell_156"
"Cell_157",-12.7133101545698,-12.1310618986571,"1","4","Cell_157"
"Cell_158",8.39325923646142,-17.3379119290317,"4","6","Cell_158"
"Cell_159",-0.671462920087179,0.833687901590022,"3","4","Cell_159"
"Cell_160",-16.7708664187728,-20.8642125011932,"1","4","Cell_160"
"Cell_161",-27.7428925763428,6.19123976686015,"7","7","Cell_161"
"Cell_162",-3.03707496608068,-9.91343374291477,"1","4","Cell_162"
"Cell_163",26.2784932516264,-14.8535438643948,"8","5","Cell_163"
"Cell_164",15.7983580953809,-3.49524867230187,"4","6","Cell_164"
"Cell_165",33.3154173921002,-8.80658038054086,"8","5","Cell_165"
"Cell_166",9.16884711657655,3.37451655658927,"3","1","Cell_166"
"Cell_167",-24.9266513100687,-14.5058014322047,"1","4","Cell_167"
"Cell_168",13.9651572003667,-22.625829792386,"4","6","Cell_168"
"Cell_169",-12.2878311736324,-15.9779727705366,"1","4","Cell_169"
"Cell_170",25.0320049874379,-11.876199695553,"8","5","Cell_170"
"Cell_171",18.5910230706631,22.2016332283389,"6","8","Cell_171"
"Cell_172",-16.1407533419441,-12.4660489760248,"1","4","Cell_172"
"Cell_173",-29.5281601458711,-0.017753117521047,"7","7","Cell_173"
"Cell_174",6.11493908388838,-24.6497199863219,"4","6","Cell_174"
"Cell_175",8.42358419689671,-23.4486115485754,"4","6","Cell_175"
"Cell_176",1.39993263784603,-33.4552996941767,"2","3","Cell_176"
"Cell_177",1.10190690521763,3.04110735121406,"3","4","Cell_177"
"Cell_178",-7.2030598416795,-12.913795035118,"1","4","Cell_178"
"Cell_179",24.8153093886072,-17.7722996548666,"8","5","Cell_179"
"Cell_180",27.5109102472131,3.51616777165027,"8","8","Cell_180"
"Cell_181",-8.820508005967,-22.7197904228469,"2","4","Cell_181"
"Cell_182",-7.19551768497437,-29.9025177429148,"2","4","Cell_182"
"Cell_183",-12.6596847693167,-36.9139902928058,"2","3","Cell_183"
"Cell_184",23.5885125897376,-25.4345597250886,"8","6","Cell_184"
"Cell_185",-3.42553133187288,-1.47456660236937,"3","4","Cell_185"
"Cell_186",-13.4494897581851,-38.6509218614967,"2","3","Cell_186"
"Cell_187",13.5302252504433,-14.5644961947756,"4","6","Cell_187"
"Cell_188",12.0621852139718,-7.59235950742313,"4","6","Cell_188"
"Cell_189",26.3061495443085,-12.9500164567147,"8","5","Cell_189"
"Cell_190",9.11336705715089,-10.7241693463378,"4","6","Cell_190"
"Cell_191",10.8673116525294,20.1337066226419,"6","8","Cell_191"
"Cell_192",-5.4579522621513,32.2946665394291,"5","2","Cell_192"
"Cell_193",27.5253721010478,-12.0905819291497,"8","5","Cell_193"
"Cell_194",6.78996407256533,17.4124789253743,"6","1","Cell_194"
"Cell_195",12.6778192068315,-10.570307280423,"4","6","Cell_195"
"Cell_196",2.61675697888895,9.00747583614937,"3","1","Cell_196"
"Cell_197",1.83944344116174,38.9739038066349,"5","2","Cell_197"
"Cell_198",3.97208799983578,-35.080216794551,"2","3","Cell_198"
"Cell_199",38.4224787272714,-17.0664945595422,"8","5","Cell_199"
"Cell_200",14.9319454534416,22.2861162848299,"6","8","Cell_200"
"Cell_201",-5.17040867060606,-9.44927147822638,"1","4","Cell_201"
"Cell_202",-17.6491134003393,5.56618675099262,"7","7","Cell_202"
"Cell_203",-13.6891744426767,-2.61257336371261,"1","4","Cell_203"
"Cell_204",6.19833730151209,-24.5482461550076,"4","6","Cell_204"
"Cell_205",1.6151255593964,20.8810258782284,"5","1","Cell_205"
"Cell_206",-11.5958771894889,34.7454339158553,"5","2","Cell_206"
"Cell_207",10.9962701223744,-12.9634304825906,"4","6","Cell_207"
"Cell_208",33.7370339178574,-11.6538912901596,"8","5","Cell_208"
"Cell_209",-3.85466721714451,15.4905920409337,"3","1","Cell_209"
"Cell_210",-22.1315930215068,-13.2821878763304,"1","4","Cell_210"
"Cell_211",-24.4818141627782,-3.87179064585124,"1","4","Cell_211"
"Cell_212",11.2813266306204,-20.9944863945223,"4","6","Cell_212"
"Cell_213",4.69673799938447,-35.4603265858456,"2","3","Cell_213"
"Cell_214",1.02066795596056,-16.2515167666645,"4","4","Cell_214"
"Cell_215",-18.8449373493486,27.612965009481,"7","7","Cell_215"
"Cell_216",19.121402247019,-4.65392065887073,"8","6","Cell_216"
"Cell_217",-33.1901746985675,16.3598338992635,"7","7","Cell_217"
"Cell_218",31.7071089209096,-20.0848532451952,"8","5","Cell_218"
"Cell_219",-9.99685043264629,-22.6648302632953,"2","4","Cell_219"
"Cell_220",4.44874577242684,-37.6538535642791,"2","3","Cell_220"
"Cell_221",0.696987049624851,-36.2978423740879,"2","3","Cell_221"
"Cell_222",-2.07674466526204,-23.097735430168,"2","4","Cell_222"
"Cell_223",-5.42995046591808,6.41310368132996,"3","4","Cell_223"
"Cell_224",-34.3326918448091,16.6731253815881,"7","7","Cell_224"
"Cell_225",-13.5057976413816,-32.5836681005769,"2","3","Cell_225"
"Cell_226",17.2865776762321,22.8275526735179,"6","8","Cell_226"
"Cell_227",2.11995897204572,-14.2862226463052,"4","4","Cell_227"
"Cell_228",18.6304418138304,-16.7370897126878,"4","6","Cell_228"
"Cell_229",5.48384385256973,-1.26956078183369,"3","1","Cell_229"
"Cell_230",-34.3369312059438,16.6738288183629,"7","7","Cell_230"
"Cell_231",27.3130036015096,-20.6934890143505,"8","5","Cell_231"
"Cell_232",24.7120995245353,-11.0070244486161,"8","5","Cell_232"
"Cell_233",22.7562763963904,-14.3913999711016,"8","5","Cell_233"
"Cell_234",27.946207726204,-21.6534239998487,"8","5","Cell_234"
"Cell_235",1.42575410021182,23.074148629268,"5","2","Cell_235"
"Cell_236",-5.00202588960486,-11.9459193650153,"1","4","Cell_236"
"Cell_237",-6.37282910326678,-6.85562592075807,"1","4","Cell_237"
"Cell_238",27.318290090893,-15.8072220429897,"8","5","Cell_238"
"Cell_239",-12.175294286457,-10.2109752083302,"1","4","Cell_239"
"Cell_240",-24.451537303044,10.5613223854421,"7","7","Cell_240"
"Cell_241",-19.7205388592203,-21.7018905902497,"1","4","Cell_241"
"Cell_242",-28.8278045934661,1.79987613744331,"7","7","Cell_242"
"Cell_243",-20.7951852388568,-9.28379996347422,"1","4","Cell_243"
"Cell_244",-11.9783999060923,-14.5803390817595,"1","4","Cell_244"
"Cell_245",-11.3520055850476,-9.58587648242843,"1","4","Cell_245"
"Cell_246",-12.6284287617979,-19.9388589041301,"1","4","Cell_246"
"Cell_247",13.3359664901358,-11.7164924040096,"4","6","Cell_247"
"Cell_248",33.3252113359643,-11.8213914206549,"8","5","Cell_248"
"Cell_249",-0.965266732454079,9.23183427153969,"3","1","Cell_249"
"Cell_250",29.0700647739349,-7.51840216615553,"8","5","Cell_250"
"Cell_251",-14.3559194846749,-16.2032543444192,"1","4","Cell_251"
"Cell_252",-13.9051444607295,-2.69256666648113,"1","4","Cell_252"
"Cell_253",26.1021455283578,-17.4064494735466,"8","5","Cell_253"
"Cell_254",-24.711930039629,15.0652971022409,"7","7","Cell_254"
"Cell_255",-5.70287010831761,-4.63170173834944,"3","4","Cell_255"
"Cell_256",-15.9119934138504,-2.42993437621293,"1","4","Cell_256"
"Cell_257",-19.7414478589438,-21.9397955021046,"1","4","Cell_257"
"Cell_258",2.02493093056295,17.175374738543,"3","1","Cell_258"
"Cell_259",-6.8233316087176,-1.8356333872167,"3","4","Cell_259"
"Cell_260",0.609177614608208,-21.2213264761898,"4","4","Cell_260"
"Cell_261",-12.0359760827323,-26.3159027273511,"2","4","Cell_261"
"Cell_262",-11.0111683976925,-9.53969677788431,"1","4","Cell_262"
"Cell_263",9.59050013323852,-9.69313981197202,"4","6","Cell_263"
"Cell_264",-12.9666848417694,-20.7603169249784,"1","4","Cell_264"
"Cell_265",-15.5099125297187,-38.5817093496743,"2","3","Cell_265"
"Cell_266",-3.35737264312824,-12.230845804368,"1","4","Cell_266"
"Cell_267",8.49922503316974,-12.0880074740376,"4","6","Cell_267"
"Cell_268",12.5288297670349,-18.9341216776096,"4","6","Cell_268"
"Cell_269",7.54843246650163,-9.82287197424096,"4","6","Cell_269"
"Cell_270",34.057134124767,-17.3067314005328,"8","5","Cell_270"
"Cell_271",-7.51033790659631,-12.4623009300258,"1","4","Cell_271"
"Cell_272",-25.7254134788968,-0.0244773298588839,"7","7","Cell_272"
"Cell_273",-2.63601936954555,-24.0534490333852,"2","4","Cell_273"
"Cell_274",-0.786333513184771,-10.3597297540356,"4","4","Cell_274"
"Cell_275",18.6617374987561,-5.92258792729583,"8","6","Cell_275"
"Cell_276",-1.07822384063553,-14.6177804208084,"4","4","Cell_276"
"Cell_277",18.4423651560003,-19.0625041576653,"4","6","Cell_277"
"Cell_278",17.5567989279536,-9.84117379685124,"4","6","Cell_278"
"Cell_279",12.7494455524718,-15.2840283869651,"4","6","Cell_279"
"Cell_280",16.5209715870397,21.3076561304344,"6","8","Cell_280"
"Cell_281",1.59912525323846,-37.0697193151353,"2","3","Cell_281"
"Cell_282",-5.92033884889313,-23.083356195123,"2","4","Cell_282"
"Cell_283",21.5070531787894,-3.03013865138799,"8","6","Cell_283"
"Cell_284",31.9210647635161,-21.1312636064426,"8","5","Cell_284"
"Cell_285",8.04909614018871,-20.305449866269,"4","6","Cell_285"
"Cell_286",24.37655963224,-12.5715809544653,"8","5","Cell_286"
"Cell_287",-17.7622181460853,-31.0460160018334,"2","3","Cell_287"
"Cell_288",2.86593083270244,33.6658549426473,"5","2","Cell_288"
"Cell_289",-30.6529975385107,5.94075315276739,"7","7","Cell_289"
"Cell_290",20.2249807210824,-18.3413949314453,"8","6","Cell_290"
"Cell_291",-10.3119093189176,36.4454976353283,"5","2","Cell_291"
"Cell_292",0.908962051894871,-30.1020877675637,"2","3","Cell_292"
"Cell_293",24.3403234126877,-9.41698454189536,"8","5","Cell_293"
"Cell_294",-7.36593592659262,-8.18978266992778,"1","4","Cell_294"
"Cell_295",24.7547974354736,-13.5043314105062,"8","5","Cell_295"
"Cell_296",-16.2036053138062,-14.7816364315306,"1","4","Cell_296"
"Cell_297",-14.112510644927,-13.0496909993306,"1","4","Cell_297"
"Cell_298",4.60635286901484,-13.9368591239399,"4","6","Cell_298"
"Cell_299",-19.6703033646564,11.7548538257653,"7","7","Cell_299"
"Cell_300",17.2936431569146,-9.87426527249109,"4","6","Cell_300"
"Cell_301",-2.76531531932856,12.3798232454804,"3","1","Cell_301"
"Cell_302",-14.3975052213884,11.9040445166682,"7","7","Cell_302"
"Cell_303",28.2789108870218,-11.4822014018029,"8","5","Cell_303"
"Cell_304",-5.99284898788001,-26.5726467258668,"2","4","Cell_304"
"Cell_305",6.819998722693,-16.7844711410427,"4","6","Cell_305"
"Cell_306",27.51265543522,-11.9546474197688,"8","5","Cell_306"
"Cell_307",-26.4213472267719,-12.434426777339,"1","4","Cell_307"
"Cell_308",-17.6404601117708,15.4063627315621,"7","7","Cell_308"
"Cell_309",-0.617943922871015,-13.9479632050667,"4","4","Cell_309"
"Cell_310",26.8956525963949,-10.596455118928,"8","5","Cell_310"
"Cell_311",-9.76603315729919,-27.6760835341214,"2","4","Cell_311"
"Cell_312",0.637424350505488,16.0002283949364,"3","1","Cell_312"
"Cell_313",-12.9208338059093,-20.5053000698875,"1","4","Cell_313"
"Cell_314",12.4206260722011,-22.6485822619142,"4","6","Cell_314"
"Cell_315",17.0719329465353,-22.3460506672236,"4","6","Cell_315"
"Cell_316",-2.5167416951428,10.1397139652507,"3","1","Cell_316"
"Cell_317",1.69563290916863,-11.04930513207,"4","4","Cell_317"
"Cell_318",2.00551618775117,-34.3394688526148,"2","3","Cell_318"
"Cell_319",8.60010032149792,6.75281799773304,"3","1","Cell_319"
"Cell_320",-0.0669173500659137,-13.6751972472921,"4","4","Cell_320"
"Cell_321",15.993656470252,-16.3247888914817,"4","6","Cell_321"
"Cell_322",-15.865098580904,-37.7133744322285,"2","3","Cell_322"
"Cell_323",38.1095557177138,-11.5552584153094,"8","5","Cell_323"
"Cell_324",-12.2642765318837,-4.54313585250134,"1","4","Cell_324"
"Cell_325",-7.47378073000901,39.0485303510458,"5","2","Cell_325"
"Cell_326",-16.0163248689358,10.6226389017048,"7","7","Cell_326"
"Cell_327",-24.7715817525437,18.8693675528589,"7","7","Cell_327"
"Cell_328",8.74827227686717,-8.25922177819025,"4","6","Cell_328"
"Cell_329",-17.4294584049491,-17.3478463374023,"1","4","Cell_329"
"Cell_330",5.14755484119135,-14.2793299425179,"4","6","Cell_330"
"Cell_331",-31.1866396019931,16.3498226591919,"7","7","Cell_331"
"Cell_332",-8.62848396270958,-17.41244170629,"1","4","Cell_332"
"Cell_333",-0.751945987920636,23.2121141655,"5","2","Cell_333"
"Cell_334",-19.2551762272562,8.88593581035309,"7","7","Cell_334"
"Cell_335",24.068471857899,-13.9345857320582,"8","5","Cell_335"
"Cell_336",-27.4331737515266,2.09402205930175,"7","7","Cell_336"
"Cell_337",2.71274563044382,12.7575384445712,"3","1","Cell_337"
"Cell_338",-17.9353546721147,-9.01101456737735,"1","4","Cell_338"
"Cell_339",8.6082599479353,-5.63679328788584,"4","1","Cell_339"
"Cell_340",-26.051890973771,-9.07904787652196,"1","4","Cell_340"
"Cell_341",4.32083585974809,-39.8165163318444,"2","3","Cell_341"
"Cell_342",23.2530473186407,-17.2238117062026,"8","5","Cell_342"
"Cell_343",24.1282575771065,-14.9145047086597,"8","5","Cell_343"
"Cell_344",18.675915867419,2.10266224329354,"6","8","Cell_344"
"Cell_345",-17.2292213438009,2.02129776612241,"7","4","Cell_345"
"Cell_346",-15.7122975697053,-3.64643293125033,"1","4","Cell_346"
"Cell_347",-29.8258369755697,0.594240545595094,"7","7","Cell_347"
"Cell_348",3.82431431674916,-20.2990486652259,"4","6","Cell_348"
"Cell_349",-20.596844429484,14.4150543146043,"7","7","Cell_349"
"Cell_350",-5.05539396262833,-16.1731994646413,"1","4","Cell_350"
"Cell_351",-1.69979574280447,-17.4663415724349,"4","4","Cell_351"
"Cell_352",9.05544652457591,-24.0989815808089,"4","6","Cell_352"
"Cell_353",-26.1120739539275,-9.07604677700631,"1","4","Cell_353"
"Cell_354",16.403665779977,-15.8742644272276,"4","6","Cell_354"
"Cell_355",27.2083607657519,-17.0133296178246,"8","5","Cell_355"
"Cell_356",11.7246112556142,4.68871962660184,"6","1","Cell_356"
"Cell_357",-2.23370878335589,7.2606354250854,"3","1","Cell_357"
"Cell_358",-7.17120753975999,-6.9937816811987,"1","4","Cell_358"
"Cell_359",-9.1464972851772,-1.00164648690136,"3","4","Cell_359"
"Cell_360",-8.9910631691317,2.06071330061571,"3","4","Cell_360"
"Cell_361",7.12428666910909,4.74209658710787,"3","1","Cell_361"
"Cell_362",-2.36346651344937,13.9611518659279,"3","1","Cell_362"
"Cell_363",25.3311134609332,-19.2507728359271,"8","5","Cell_363"
"Cell_364",-18.9657647853037,-4.09039588941706,"1","4","Cell_364"
"Cell_365",12.2558981059447,-11.1997962350411,"4","6","Cell_365"
"Cell_366",-9.95048070374482,-24.8129222819496,"2","4","Cell_366"
"Cell_367",-18.530381675566,-7.30550959031358,"1","4","Cell_367"
"Cell_368",20.1459481023276,-11.5321000025578,"8","6","Cell_368"
"Cell_369",0.956148719964077,-16.4470240870116,"4","4","Cell_369"
"Cell_370",15.0906578415691,-18.0722689772127,"4","6","Cell_370"
"Cell_371",13.2930790189543,-23.7913433804972,"4","6","Cell_371"
"Cell_372",5.66539795830739,-19.8425324475513,"4","6","Cell_372"
"Cell_373",-4.49025128496183,-18.7925473042807,"2","4","Cell_373"
"Cell_374",-3.94121711757165,-3.82352967376207,"3","4","Cell_374"
"Cell_375",-33.9506638718662,15.3136632382918,"7","7","Cell_375"
"Cell_376",-13.587740327466,-16.3111212303397,"1","4","Cell_376"
"Cell_377",11.8306419654919,-23.3345170472698,"4","6","Cell_377"
"Cell_378",-6.22240419153194,-2.30253487149612,"3","4","Cell_378"
"Cell_379",3.67287153665949,-37.5943982808373,"2","3","Cell_379"
"Cell_380",6.35014122885368,-14.6939822273237,"4","6","Cell_380"
"Cell_381",24.7660761110214,-14.5430228813039,"8","5","Cell_381"
"Cell_382",-7.48819518133585,-9.77959100218549,"1","4","Cell_382"
"Cell_383",-21.9783439438933,-19.4156290474322,"1","4","Cell_383"
"Cell_384",-32.5473437472721,16.1551572988884,"7","7","Cell_384"
"Cell_385",-5.58865744194239,10.3046111205444,"3","1","Cell_385"
"Cell_386",-4.94998073450884,12.9321692951055,"3","1","Cell_386"
"Cell_387",19.8159712779442,2.34048077870244,"8","8","Cell_387"
"Cell_388",-2.40991851753699,-29.0853877822668,"2","4","Cell_388"
"Cell_389",-7.55207845480352,-6.56217417983762,"1","4","Cell_389"
"Cell_390",37.3637689026201,-9.73066144661301,"8","5","Cell_390"
"Cell_391",27.7318646210287,-14.5215991995169,"8","5","Cell_391"
"Cell_392",-12.3748877660954,22.715427319769,"5","2","Cell_392"
"Cell_393",-33.3216747250434,16.1790989678059,"7","7","Cell_393"
"Cell_394",-11.3198458435985,14.4553757991997,"3","7","Cell_394"
"Cell_395",-15.7651594833758,-38.9718467874901,"2","3","Cell_395"
"Cell_396",-14.5543735641822,-18.1957654639261,"1","4","Cell_396"
"Cell_397",30.1224206289638,-20.264287451116,"8","5","Cell_397"
"Cell_398",-14.3723778536033,-8.76444963560264,"1","4","Cell_398"
"Cell_399",2.65963220682387,-7.11269110623327,"4","4","Cell_399"
"Cell_400",-1.75698148055667,-12.4385683014681,"4","4","Cell_400"
"Cell_401",2.62889122051723,-13.4981813691428,"4","4","Cell_401"
"Cell_402",31.1384813546407,-17.8262971217313,"8","5","Cell_402"
"Cell_403",-10.8456888010593,37.3082439253564,"5","2","Cell_403"
"Cell_404",11.9564684813996,-27.9341084016914,"4","6","Cell_404"
"Cell_405",0.181138009285659,-24.7693966789826,"2","4","Cell_405"
"Cell_406",-23.2406240694982,-10.8300677032673,"1","4","Cell_406"
"Cell_407",-19.4587205391461,-14.3100705323716,"1","4","Cell_407"
"Cell_408",3.46827894101195,6.45109719428419,"3","1","Cell_408"
"Cell_409",-19.0664581034373,17.087658520577,"7","7","Cell_409"
"Cell_410",6.18732155133126,-31.9001790276114,"2","3","Cell_410"
"Cell_411",17.484443682841,-5.14325901393442,"4","6","Cell_411"
"Cell_412",26.1049059850343,-13.3335785008023,"8","5","Cell_412"
"Cell_413",1.12733222665657,-20.9324323751743,"4","4","Cell_413"
"Cell_414",-9.26957936245615,-10.7084181341547,"1","4","Cell_414"
"Cell_415",26.7707496782715,-2.28952730095883,"8","8","Cell_415"
"Cell_416",-15.2399408917606,0.899994282446547,"1","4","Cell_416"
"Cell_417",-21.7554139993624,-2.93020565833366,"1","4","Cell_417"
"Cell_418",38.2113861925558,-11.9188873137287,"8","5","Cell_418"
"Cell_419",1.18391476997087,-23.7997123270381,"2","4","Cell_419"
"Cell_420",12.0058812079786,2.14529299344454,"4","1","Cell_420"
"Cell_421",-7.54377101915653,-18.1026452029093,"1","4","Cell_421"
"Cell_422",9.19068567806595,27.3808407877065,"6","2","Cell_422"
"Cell_423",-12.8679110289569,-12.0344073611842,"1","4","Cell_423"
"Cell_424",6.13735790079484,-4.81966956695523,"4","1","Cell_424"
"Cell_425",-19.8870609969882,-20.0054355733803,"1","4","Cell_425"
"Cell_426",-30.1607876347306,-0.737521727190835,"7","7","Cell_426"
"Cell_427",-5.44961420276728,33.2681741654763,"5","2","Cell_427"
"Cell_428",-14.7150001970979,-38.7305537361284,"2","3","Cell_428"
"Cell_429",-18.1944903068919,27.6322945152785,"7","7","Cell_429"
"Cell_430",-1.89386824797157,26.5170695304506,"5","2","Cell_430"
"Cell_431",-12.2865010617674,-18.1260338973302,"1","4","Cell_431"
"Cell_432",-4.26694985957795,-12.2706263950452,"1","4","Cell_432"
"Cell_433",-7.83977350771295,6.10152391074275,"3","4","Cell_433"
"Cell_434",29.957971300983,-18.2958111078657,"8","5","Cell_434"
"Cell_435",6.99685559041357,-37.9099013386362,"2","3","Cell_435"
"Cell_436",-15.6586319659037,-38.3627647351143,"2","3","Cell_436"
"Cell_437",26.1097338463272,-11.5157806956362,"8","5","Cell_437"
"Cell_438",19.5003170813052,-13.736999565994,"8","6","Cell_438"
"Cell_439",3.19913347744375,-16.5179298150166,"4","6","Cell_439"
"Cell_440",5.81884624801494,-36.7864929510932,"2","3","Cell_440"
"Cell_441",-10.3053770340545,-7.55222432859965,"1","4","Cell_441"
"Cell_442",-30.2801481411146,17.0750835118453,"7","7","Cell_442"
"Cell_443",-1.8102875825675,-38.7396069999524,"2","3","Cell_443"
"Cell_444",-17.2146809044046,4.37793302557503,"7","7","Cell_444"
"Cell_445",-3.09884450526218,-6.37248790909902,"3","4","Cell_445"
"Cell_446",12.3979776538493,-27.6936934552321,"4","6","Cell_446"
"Cell_447",-30.0586104029161,2.32801182420877,"7","7","Cell_447"
"Cell_448",13.0769403036548,-23.2459716915151,"4","6","Cell_448"
"Cell_449",-3.99006712767386,-7.44015012114287,"3","4","Cell_449"
"Cell_450",-17.0554988106928,12.6554479328985,"7","7","Cell_450"
"Cell_451",-14.8191476644255,-38.2583295895991,"2","3","Cell_451"
"Cell_452",-20.9350859827091,9.82509937738157,"7","7","Cell_452"
"Cell_453",0.48149252061948,-1.56303745150004,"3","4","Cell_453"
"Cell_454",-4.2098753362583,-15.2551777865553,"1","4","Cell_454"
"Cell_455",3.7683621047855,-10.3849535627847,"4","4","Cell_455"
"Cell_456",1.25527478107788,-24.5542481826489,"2","4","Cell_456"
"Cell_457",13.0628728318082,-28.3124532549079,"4","6","Cell_457"
"Cell_458",-1.59613050437056,-22.7319007694558,"2","4","Cell_458"
"Cell_459",-3.41579831077436,3.37753359510557,"3","4","Cell_459"
"Cell_460",-15.8287223003844,-39.9592278371915,"2","3","Cell_460"
"Cell_461",-2.96979996929348,-9.91414876738449,"1","4","Cell_461"
"Cell_462",16.2857650090298,22.4753401316209,"6","8","Cell_462"
"Cell_463",-0.344759313259659,23.7342415905415,"5","2","Cell_463"
"Cell_464",1.06133612617386,3.41881760848932,"3","4","Cell_464"
"Cell_465",0.522041296019034,-11.5316920371174,"4","4","Cell_465"
"Cell_466",-16.5308595513402,-21.3185208935246,"1","4","Cell_466"
"Cell_467",-17.9656271701055,-36.5508739785597,"2","3","Cell_467"
"Cell_468",-15.8716425520944,-9.76822332315852,"1","4","Cell_468"
"Cell_469",2.33906465385967,32.2453201217631,"5","2","Cell_469"
"Cell_470",9.29312733796706,-14.3874306441926,"4","6","Cell_470"
"Cell_471",22.2264363150325,-9.49607182201797,"8","6","Cell_471"
"Cell_472",-8.36613708457313,-3.93663466457092,"1","4","Cell_472"
"Cell_473",28.13045440442,-15.2645978433214,"8","5","Cell_473"
"Cell_474",-11.9125927702793,-14.6840781623946,"1","4","Cell_474"
"Cell_475",-15.0364057592507,-9.00311201447662,"1","4","Cell_475"
"Cell_476",1.22962187725213,5.03911516622501,"3","4","Cell_476"
"Cell_477",-3.68427686492826,25.6765275684683,"5","2","Cell_477"
"Cell_478",-8.27263383709487,35.3993739770858,"5","2","Cell_478"
"Cell_479",7.31517244914701,-10.0112669053088,"4","6","Cell_479"
"Cell_480",30.1473176947156,-14.173702026726,"8","5","Cell_480"
"Cell_481",28.7231674725327,-19.1398921941093,"8","5","Cell_481"
"Cell_482",-0.525874726931645,7.7137218838803,"3","1","Cell_482"
"Cell_483",-24.9757628611347,15.0183162250162,"7","7","Cell_483"
"Cell_484",11.7151355072462,-20.9988643112586,"4","6","Cell_484"
"Cell_485",-16.7666573105057,-38.4318917683173,"2","3","Cell_485"
"Cell_486",5.19405196480813,-18.0678649046405,"4","6","Cell_486"
"Cell_487",-17.4039209721306,-8.20681132604877,"1","4","Cell_487"
"Cell_488",26.9543564343925,-13.2694381651869,"8","5","Cell_488"
"Cell_489",-8.56929025842246,-14.7926689124569,"1","4","Cell_489"
"Cell_490",16.6340260477724,-22.6345742834532,"4","6","Cell_490"
"Cell_491",-19.5177749187104,27.005163114362,"7","7","Cell_491"
"Cell_492",18.9198744198815,-7.23060544607849,"8","6","Cell_492"
"Cell_493",-20.1508335361407,-7.20135478559304,"1","4","Cell_493"
"Cell_494",-2.90338632572033,-41.6034632416666,"2","3","Cell_494"
"Cell_495",9.48248385377311,-9.32617520229512,"4","6","Cell_495"
"Cell_496",-21.6857979190639,-19.2708816288049,"1","4","Cell_496"
"Cell_497",6.93844196267734,-15.550542489253,"4","6","Cell_497"
"Cell_498",3.65886661085879,-23.5007903210488,"4","6","Cell_498"
"Cell_499",2.40556837548049,-19.0765933446287,"4","6","Cell_499"
"Cell_500",5.94355901891524,-9.90762664390414,"4","6","Cell_500"
"Cell_501",10.5545140335795,-21.0734440326184,"4","6","Cell_501"
"Cell_502",-29.819559136969,3.41034601314423,"7","7","Cell_502"
"Cell_503",-14.8808714285623,-24.5733803064015,"1","4","Cell_503"
"Cell_504",-17.9296891164013,-29.6482931950462,"2","3","Cell_504"
"Cell_505",-19.8647678459825,-2.60129255601843,"1","4","Cell_505"
"Cell_506",5.14785127629945,-40.6747545374531,"2","3","Cell_506"
"Cell_507",-7.78823637943979,-15.7312116715738,"1","4","Cell_507"
"Cell_508",-31.1761240155308,16.9656958607009,"7","7","Cell_508"
"Cell_509",-13.505367331476,-32.5314078800152,"2","3","Cell_509"
"Cell_510",18.3515439246816,-19.2123477754331,"4","6","Cell_510"
"Cell_511",-0.451017588660369,-20.2002709690069,"4","4","Cell_511"
"Cell_512",9.47401096564575,-16.8254040427875,"4","6","Cell_512"
"Cell_513",18.2435060158264,-22.1075507486492,"4","6","Cell_513"
"Cell_514",22.7143933599306,-9.92893800423456,"8","6","Cell_514"
"Cell_515",-10.9344969524828,11.3691724509984,"3","7","Cell_515"
"Cell_516",26.6155596778609,-12.157740972897,"8","5","Cell_516"
"Cell_517",22.0083923935279,-12.7808804192342,"8","5","Cell_517"
"Cell_518",-1.0270467564622,-35.7744137273525,"2","3","Cell_518"
"Cell_519",-9.18052116622795,40.3238062489578,"5","2","Cell_519"
"Cell_520",-16.9928232342744,7.90110472164954,"7","7","Cell_520"
"Cell_521",-10.2557042871604,0.659643433619494,"3","4","Cell_521"
"Cell_522",7.40393058740555,-35.8788253871211,"2","3","Cell_522"
"Cell_523",-4.17626633728988,2.02182863832485,"3","4","Cell_523"
"Cell_524",-20.7023748780815,17.2345015654891,"7","7","Cell_524"
"Cell_525",-22.8844158148751,-7.17800827757301,"1","4","Cell_525"
"Cell_526",2.92912877281513,-1.20394612674495,"3","1","Cell_526"
"Cell_527",28.1869991326062,-16.3734808441262,"8","5","Cell_527"
"Cell_528",37.1859272052009,-5.52239977758265,"8","5","Cell_528"
"Cell_529",-7.71388866262649,-20.8448589885057,"2","4","Cell_529"
"Cell_530",27.602300696435,-13.4408801796587,"8","5","Cell_530"
"Cell_531",5.3806814297042,-1.33431771657591,"3","1","Cell_531"
"Cell_532",-23.5016147704361,-7.62304759187004,"1","4","Cell_532"
"Cell_533",-4.26212610430982,-0.823005998208116,"3","4","Cell_533"
"Cell_534",26.2649413095364,-14.084356105386,"8","5","Cell_534"
"Cell_535",-29.6583616255759,16.3810935801752,"7","7","Cell_535"
"Cell_536",15.825023111207,-12.4126947419023,"4","6","Cell_536"
"Cell_537",-25.409696295405,10.0618165368947,"7","7","Cell_537"
"Cell_538",29.8286482995825,-11.9245946866845,"8","5","Cell_538"
"Cell_539",-1.68170704025323,-16.0370263887548,"4","4","Cell_539"
"Cell_540",-18.9360947488991,26.4541931370743,"7","7","Cell_540"
"Cell_541",-9.98198433873713,38.5992452541323,"5","2","Cell_541"
"Cell_542",3.38297021632139,9.35522037926753,"3","1","Cell_542"
"Cell_543",-4.1796194691969,-14.1069371194958,"1","4","Cell_543"
"Cell_544",-10.8816969434744,-22.7561789410169,"1","4","Cell_544"
"Cell_545",-13.826375779128,5.29395219459058,"7","7","Cell_545"
"Cell_546",-10.0029064881787,-16.5705048209662,"1","4","Cell_546"
"Cell_547",-0.202355495241514,-6.53181836062468,"3","4","Cell_547"
"Cell_548",9.22247165188603,-10.7412198329723,"4","6","Cell_548"
"Cell_549",8.42358438897794,-12.1047872003895,"4","6","Cell_549"
"Cell_550",-31.4032531356739,14.385877403533,"7","7","Cell_550"
"Cell_551",7.6549301512811,-14.2921324522625,"4","6","Cell_551"
"Cell_552",-13.0944823392149,-37.0146131867126,"2","3","Cell_552"
"Cell_553",16.2737488356309,-4.03136442159195,"4","6","Cell_553"
"Cell_554",25.3594312836021,-13.6688031039509,"8","5","Cell_554"
"Cell_555",-5.83151259558343,-26.436571388192,"2","4","Cell_555"
"Cell_556",-11.5612958887626,40.426679420079,"5","2","Cell_556"
"Cell_557",-0.419287307569497,-39.8682335628624,"2","3","Cell_557"
"Cell_558",-17.8949669528126,-30.1623388919314,"2","3","Cell_558"
"Cell_559",-4.54578216967738,8.27014400432399,"3","4","Cell_559"
"Cell_560",-1.73179687893207,4.10367930808585,"3","4","Cell_560"
"Cell_561",-7.44263956807355,-24.8869480286501,"2","4","Cell_561"
"Cell_562",-30.0185090149487,0.828040462373593,"7","7","Cell_562"
"Cell_563",-9.58076506696416,-27.5760199830754,"2","4","Cell_563"
"Cell_564",-10.6184339819527,-13.3857922573945,"1","4","Cell_564"
"Cell_565",6.10486156129612,-19.4804544636999,"4","6","Cell_565"
"Cell_566",6.7228861977355,2.17792060384335,"3","1","Cell_566"
"Cell_567",-4.80537168502137,-20.9649108266975,"2","4","Cell_567"
"Cell_568",14.664134938367,-14.0465325915962,"4","6","Cell_568"
"Cell_569",0.696046376675832,-17.3670311591255,"4","4","Cell_569"
"Cell_570",-12.9898324859094,-37.1941489904859,"2","3","Cell_570"
"Cell_571",12.3974092400253,-3.99253969968917,"4","6","Cell_571"
"Cell_572",-7.45908795285914,-18.0656115475451,"1","4","Cell_572"
"Cell_573",3.2527987617802,-28.7418930229895,"2","3","Cell_573"
"Cell_574",-12.6465886036716,1.58224635165952,"1","4","Cell_574"
"Cell_575",25.8650941683116,-8.41659024830198,"8","5","Cell_575"
"Cell_576",9.51167760467558,-19.2823610520589,"4","6","Cell_576"
"Cell_577",7.87080837100558,-20.2204101583416,"4","6","Cell_577"
"Cell_578",-3.48916278488057,32.4630281812068,"5","2","Cell_578"
"Cell_579",-4.17858786063706,27.0979472004356,"5","2","Cell_579"
"Cell_580",-19.7517685370047,-10.7414250917201,"1","4","Cell_580"
"Cell_581",26.5527185830869,-13.8695765974811,"8","5","Cell_581"
"Cell_582",36.5437092021501,-4.58574151498105,"8","5","Cell_582"
"Cell_583",-25.8044019397439,-15.154804556258,"1","4","Cell_583"
"Cell_584",2.67948855526429,-36.6765076856541,"2","3","Cell_584"
"Cell_585",-22.2164708626762,-13.2943834687694,"1","4","Cell_585"
"Cell_586",-0.340357876803101,-25.196727249705,"2","4","Cell_586"
"Cell_587",25.6950269152397,-14.8837801268158,"8","5","Cell_587"
"Cell_588",34.1108962856136,-11.9124571457726,"8","5","Cell_588"
"Cell_589",24.5585065596099,6.16470927728497,"6","8","Cell_589"
"Cell_590",-31.1540487118885,-1.48667204625065,"7","7","Cell_590"
"Cell_591",-4.92656131135985,30.9226950160045,"5","2","Cell_591"
"Cell_592",6.97276898165134,-6.87280888585161,"4","1","Cell_592"
"Cell_593",-1.41113924022305,-16.6881819661285,"4","4","Cell_593"
"Cell_594",-2.17607398692333,-4.68397878751589,"3","4","Cell_594"
"Cell_595",-0.115826145123589,-4.65152404705097,"3","4","Cell_595"
"Cell_596",-21.2629088615039,-5.65674396363163,"1","4","Cell_596"
"Cell_597",24.4182439393227,-21.4273422411228,"8","5","Cell_597"
"Cell_598",1.50607802261651,-8.09718859109241,"4","4","Cell_598"
"Cell_599",-15.7706494133921,-3.95021884766238,"1","4","Cell_599"
"Cell_600",30.7576908353655,-12.7489403782542,"8","5","Cell_600"
"Cell_601",-3.95192673105108,11.8754043460504,"3","1","Cell_601"
"Cell_602",-16.2815575448364,-14.7559330235266,"1","4","Cell_602"
"Cell_603",-2.3472925677476,-29.976684064395,"2","4","Cell_603"
"Cell_604",20.4282500857174,9.38859840143008,"6","8","Cell_604"
"Cell_605",-11.5373654882847,-6.41618878017733,"1","4","Cell_605"
"Cell_606",28.2343624825883,-12.7887797063521,"8","5","Cell_606"
"Cell_607",-0.881494548599583,19.8825883716503,"5","1","Cell_607"
"Cell_608",-31.4320393841095,16.4658786743931,"7","7","Cell_608"
"Cell_609",-15.8517626183714,-10.5153408307275,"1","4","Cell_609"
"Cell_610",-2.05577136104942,-20.5482002070397,"2","4","Cell_610"
"Cell_611",-11.3124747074847,-3.21860166616216,"1","4","Cell_611"
"Cell_612",5.94700253696524,-14.542903384178,"4","6","Cell_612"
"Cell_613",-25.1874333804311,8.08747767725353,"7","7","Cell_613"
"Cell_614",-14.4180558024413,-37.7392840632699,"2","3","Cell_614"
"Cell_615",9.17622025909948,-24.0748943315902,"4","6","Cell_615"
"Cell_616",0.345882456248419,22.2628289636115,"5","2","Cell_616"
"Cell_617",-19.6508062486185,-14.769883076398,"1","4","Cell_617"
"Cell_618",5.62254083782237,-33.1539872649633,"2","3","Cell_618"
"Cell_619",-14.5258784991906,-16.0920958387092,"1","4","Cell_619"
"Cell_620",11.6581316943121,4.52600553256729,"6","1","Cell_620"
"Cell_621",18.7826876072604,-22.2756717692979,"4","6","Cell_621"
"Cell_622",-18.4822865359871,-36.2454256863798,"2","3","Cell_622"
"Cell_623",-2.67478803412501,-20.3135259625024,"2","4","Cell_623"
"Cell_624",-12.6482054376662,1.601133006009,"1","4","Cell_624"
"Cell_625",13.4555198164185,-18.8318674898552,"4","6","Cell_625"
"Cell_626",11.4746407349033,-8.42689301278301,"4","6","Cell_626"
"Cell_627",-15.4514667127925,11.2826407810844,"7","7","Cell_627"
"Cell_628",1.76402357534845,-27.6989067879446,"2","3","Cell_628"
"Cell_629",23.086285616433,-15.6827304811221,"8","5","Cell_629"
"Cell_630",-16.6354451132617,6.13952534411243,"7","7","Cell_630"
"Cell_631",-9.94789291172442,7.47619730902262,"3","4","Cell_631"
"Cell_632",-17.8356595506967,-17.7111405522369,"1","4","Cell_632"
"Cell_633",-13.0545359695205,-35.9282085981571,"2","3","Cell_633"
"Cell_634",27.3736908212992,-14.3466433802703,"8","5","Cell_634"
"Cell_635",-8.13304536574928,-6.26870310523426,"1","4","Cell_635"
"Cell_636",24.981252774324,-15.402307001135,"8","5","Cell_636"
"Cell_637",1.19520144107869,30.8053547292028,"5","2","Cell_637"
"Cell_638",-4.55087418994134,-25.929346448785,"2","4","Cell_638"
"Cell_639",15.8169289451062,-13.9198000695588,"4","6","Cell_639"
"Cell_640",-15.8976143147229,8.71927304449529,"7","7","Cell_640"
"Cell_641",-1.15247181023692,-20.3497728594957,"2","4","Cell_641"
"Cell_642",36.7854648332652,-10.4516792327435,"8","5","Cell_642"
"Cell_643",-7.60928097108546,8.55605218883564,"3","4","Cell_643"
"Cell_644",12.1048057424003,-18.950796679533,"4","6","Cell_644"
"Cell_645",12.7923254252488,-16.4436179851383,"4","6","Cell_645"
"Cell_646",-2.91645599323258,-37.4323284935414,"2","3","Cell_646"
"Cell_647",6.11146304751277,-33.0728579680622,"2","3","Cell_647"
"Cell_1100",-7.74357838886955,0.606589343732258,"3","4","Cell_1100"
"Cell_2100",17.9124317627925,22.4841910871939,"6","8","Cell_2100"
"Cell_3100",12.7260477200016,21.0318964888765,"6","8","Cell_3100"
"Cell_4100",-20.4457527017558,4.4491261988049,"7","7","Cell_4100"
"Cell_5100",-1.7549072800056,36.8037042036505,"5","2","Cell_5100"
"Cell_6100",24.2209426630859,20.4556527784183,"6","8","Cell_6100"
"Cell_771",30.9569187261049,-11.8991605927973,"8","5","Cell_771"
"Cell_810",-14.5719917696192,18.8726753749738,"7","7","Cell_810"
"Cell_910",5.63588373960523,-27.163681866938,"2","6","Cell_910"
"Cell_1010",-25.9092300670308,6.28038484433598,"7","7","Cell_1010"
"Cell_1110",-2.52059487222041,23.0269168000091,"5","2","Cell_1110"
"Cell_1210",3.65489890241608,-6.57364178763411,"4","4","Cell_1210"
"Cell_1310",-23.4322217497108,2.13332292870959,"7","7","Cell_1310"
"Cell_1410",-2.51810060413044,-16.0282568043909,"4","4","Cell_1410"
"Cell_1510",-3.98833091910204,5.60100745159468,"3","4","Cell_1510"
"Cell_1610",-30.9384957590161,1.56486674065885,"7","7","Cell_1610"
"Cell_1710",28.2850818128087,-22.0751640084812,"8","5","Cell_1710"
"Cell_1810",-1.38413472766118,14.6830949500307,"3","1","Cell_1810"
"Cell_1910",-6.69310934514685,36.4893384822497,"5","2","Cell_1910"
"Cell_2010",14.6997770737261,-6.67157519762401,"4","6","Cell_2010"
"Cell_2110",8.26842681930081,22.4336278164862,"6","8","Cell_2110"
"Cell_2210",5.53679325134336,27.6040340776298,"5","2","Cell_2210"
"Cell_2310",-8.82479189155485,37.6805702808933,"5","2","Cell_2310"
"Cell_2410",-22.7258372096801,-4.14871890552582,"1","4","Cell_2410"
"Cell_2510",18.2548211025441,23.2117907487877,"6","8","Cell_2510"
"Cell_2610",0.789035928422579,-11.3874508547785,"4","4","Cell_2610"
"Cell_2710",-22.0766225813289,14.5931722796803,"7","7","Cell_2710"
"Cell_2810",2.34598063782349,7.55813078029894,"3","1","Cell_2810"
"Cell_2910",23.3138405433408,-13.1652787009629,"8","5","Cell_2910"
"Cell_3010",2.07113639559003,-22.9145389688156,"4","4","Cell_3010"
"Cell_3110",4.44768234690491,32.0265276406265,"5","2","Cell_3110"
"Cell_3210",-15.8858818886134,16.9326261952415,"7","7","Cell_3210"
"Cell_3310",19.7697942403208,21.3676033893783,"6","8","Cell_3310"
"Cell_3410",15.0712165306293,-19.5349593026593,"4","6","Cell_3410"
"Cell_3510",0.145727987117907,-17.9379941355904,"4","4","Cell_3510"
"Cell_3610",-12.5939825470568,7.44393223914366,"3","7","Cell_3610"
"Cell_3710",-1.83263812809162,12.8007817858883,"3","1","Cell_3710"
"Cell_3810",12.6516016309748,24.4076445962361,"6","8","Cell_3810"
"Cell_3910",-7.625169497837,-4.0342777344671,"1","4","Cell_3910"
"Cell_4010",9.31266609362048,0.240148888525173,"4","1","Cell_4010"
"Cell_4110",21.1644739521379,22.7059247805237,"6","8","Cell_4110"
"Cell_4210",10.6872928306449,21.5468511965162,"6","8","Cell_4210"
"Cell_4310",-3.06270241554489,34.7940866574713,"5","2","Cell_4310"
"Cell_4410",-14.7661255336329,-38.0471671005186,"2","3","Cell_4410"
"Cell_4510",-1.8678421373054,29.0145588478216,"5","2","Cell_4510"
"Cell_4610",17.3617766030802,21.8408267323424,"6","8","Cell_4610"
"Cell_4710",36.3614452556131,-15.4247343987734,"8","5","Cell_4710"
"Cell_4810",2.05776182533598,36.1914613328604,"5","2","Cell_4810"
"Cell_4910",17.5401624550442,25.9266872360126,"6","8","Cell_4910"
"Cell_5010",12.861951979775,19.5812707369254,"6","8","Cell_5010"
"Cell_5110",0.960458031403924,23.9346977737729,"5","2","Cell_5110"
"Cell_5210",-1.86491722031196,39.9332577438421,"5","2","Cell_5210"
"Cell_5310",3.00888405372538,8.35872183222253,"3","1","Cell_5310"
"Cell_5410",28.9088992080483,-10.4108173737572,"8","5","Cell_5410"
"Cell_5510",-1.5948548252482,32.7663502253844,"5","2","Cell_5510"
"Cell_5610",-8.53266876539478,33.7223893335763,"5","2","Cell_5610"
"Cell_5710",-23.3544144464881,8.76020410004073,"7","7","Cell_5710"
"Cell_5810",30.1194523341166,-9.44581578362432,"8","5","Cell_5810"
"Cell_5910",-19.9275771250288,19.6918946855834,"7","7","Cell_5910"
"Cell_6010",-23.14196694969,5.08478470418963,"7","7","Cell_6010"
"Cell_6110",-30.6309198844152,16.4265871636463,"7","7","Cell_6110"
"Cell_6210",28.6529121617062,-5.55356410659078,"8","5","Cell_6210"
"Cell_6310",6.38802148075471,31.2057653514076,"5","2","Cell_6310"
"Cell_6410",3.57238842682669,1.428785070665,"3","1","Cell_6410"
"Cell_6510",0.0119033291099043,-39.3379466509607,"2","3","Cell_6510"
"Cell_6610",-1.90226711987446,-6.76311840918315,"3","4","Cell_6610"
"Cell_6710",17.3704930695889,17.9350459590751,"6","8","Cell_6710"
"Cell_6810",15.51692806065,-7.25055111190803,"4","6","Cell_6810"
"Cell_6910",3.73896615951128,-7.09870306978379,"4","4","Cell_6910"
"Cell_7010",11.7008900769404,-14.4758970786289,"4","6","Cell_7010"
"Cell_7110",7.77892551255618,-38.6152163238555,"2","3","Cell_7110"
"Cell_7210",-11.198770043049,38.8503005389437,"5","2","Cell_7210"
"Cell_7310",2.47042318931185,27.6984346509882,"5","2","Cell_7310"
"Cell_7410",-9.97330497397013,34.4207830118736,"5","2","Cell_7410"
"Cell_7510",28.7285256994179,1.44526373393809,"8","8","Cell_7510"
"Cell_7610",-10.3194753867372,-10.8376532592102,"1","4","Cell_7610"
"Cell_772",6.62597587126085,28.2978064305518,"5","2","Cell_772"
"Cell_781",-7.8879678142525,0.5935183270101,"3","4","Cell_781"
"Cell_791",-1.17908701075186,16.6400060663883,"3","1","Cell_791"
"Cell_801",-2.49629253317304,27.4230981918738,"5","2","Cell_801"
"Cell_811",4.09779232354526,25.6292304297048,"5","2","Cell_811"
"Cell_821",0.616953031865889,38.0913217314744,"5","2","Cell_821"
"Cell_831",29.8014864769796,-0.490193471720171,"8","8","Cell_831"
"Cell_841",20.1840260681003,-11.0074009279269,"8","6","Cell_841"
"Cell_851",19.5943294335943,-14.9505867561427,"8","6","Cell_851"
"Cell_861",34.209621221467,-9.68193543389593,"8","5","Cell_861"
"Cell_871",2.63907441320432,8.55640234787023,"3","1","Cell_871"
"Cell_881",-20.7719814244454,3.06874351599228,"7","7","Cell_881"
"Cell_891",3.53249766556157,5.77076543734277,"3","1","Cell_891"
"Cell_901",-9.25179479192186,35.5196282604685,"5","2","Cell_901"
"Cell_911",-13.9515504134639,-38.9486936284397,"2","3","Cell_911"
"Cell_921",-16.0555648828998,14.253937202724,"7","7","Cell_921"
"Cell_931",-5.96403154801002,4.82512770226628,"3","4","Cell_931"
"Cell_941",-14.0334269975995,-8.48582961799606,"1","4","Cell_941"
"Cell_951",-34.6506312898039,16.7916374579374,"7","7","Cell_951"
"Cell_961",-7.01788634056907,-10.4010815501846,"1","4","Cell_961"
"Cell_971",0.992886198728107,25.8491019039921,"5","2","Cell_971"
"Cell_981",34.6476710460503,-10.3005901093843,"8","5","Cell_981"
"Cell_991",23.3498724575714,-19.0535495242356,"8","5","Cell_991"
"Cell_1001",26.9365203655121,-18.3599226331414,"8","5","Cell_1001"
"Cell_1011",-9.09049003030481,22.8867517253724,"5","2","Cell_1011"
"Cell_1021",-21.7536037323637,4.54321198802839,"7","7","Cell_1021"
"Cell_1031",13.0396560380864,22.379123741696,"6","8","Cell_1031"
"Cell_1041",-1.48677083529179,-8.85775455780214,"4","4","Cell_1041"
"Cell_1051",-21.132378717678,-5.30740078491288,"1","4","Cell_1051"
"Cell_1061",-7.03609555912229,33.9017223723951,"5","2","Cell_1061"
"Cell_1071",-14.9393320321048,0.0436052081993696,"1","4","Cell_1071"
"Cell_1081",2.3474638447179,18.6627158662742,"3","1","Cell_1081"
"Cell_1091",18.3657872236014,10.1223195973201,"6","8","Cell_1091"
"Cell_1101",-5.64766171783889,37.7867771025235,"5","2","Cell_1101"
"Cell_1111",-20.4068706830311,28.3497158809153,"7","7","Cell_1111"
"Cell_1121",-14.0348847502668,-38.4092888689698,"2","3","Cell_1121"
"Cell_1131",31.3123074974732,-14.3752299070891,"8","5","Cell_1131"
"Cell_1141",34.0998567716502,-5.14144160545156,"8","5","Cell_1141"
"Cell_1151",-0.188054733336286,-41.1521569085681,"2","3","Cell_1151"
"Cell_1161",4.37951971932031,-20.224492925346,"4","6","Cell_1161"
"Cell_1171",-25.6938821376539,0.398221324146738,"7","7","Cell_1171"
"Cell_1181",-6.86963445710972,-29.6905146679862,"2","4","Cell_1181"
"Cell_1191",-15.1182024696245,-24.7190463597566,"1","4","Cell_1191"
"Cell_1201",-15.8691918737581,11.643108634291,"7","7","Cell_1201"
"Cell_1211",11.6078301379115,5.80437195028052,"6","1","Cell_1211"
"Cell_1221",-15.5737687383274,-5.53320534343899,"1","4","Cell_1221"
"Cell_1231",-9.94251477208798,-20.6697988526227,"1","4","Cell_1231"
"Cell_1241",-9.58265618100457,-8.01854700625627,"1","4","Cell_1241"
"Cell_1251",29.0180751105797,-14.8419165433488,"8","5","Cell_1251"
"Cell_1261",0.0569548737026943,32.8934358615943,"5","2","Cell_1261"
"Cell_1271",-8.87443673003595,4.97016237370673,"3","4","Cell_1271"
"Cell_1281",31.2916193782522,-13.3065539221184,"8","5","Cell_1281"
"Cell_1291",-26.2222468861115,-2.09692266949951,"7","7","Cell_1291"
"Cell_1301",-0.189980034695688,25.1934072178605,"5","2","Cell_1301"
"Cell_1311",-13.8474001922913,18.7827532435108,"7","7","Cell_1311"
"Cell_1321",-23.0940234994079,11.4177014850679,"7","7","Cell_1321"
"Cell_1331",-12.1491011996037,-39.4529394847364,"2","3","Cell_1331"
"Cell_1341",20.045507330054,25.6181206687011,"6","8","Cell_1341"
"Cell_1351",-19.1152533554831,27.5447139374284,"7","7","Cell_1351"
"Cell_1361",17.6279942765601,21.7822163457488,"6","8","Cell_1361"
"Cell_1371",-21.8036448097068,7.79798343461901,"7","7","Cell_1371"
"Cell_1381",-6.19413188511909,2.20072527085613,"3","4","Cell_1381"
"Cell_1391",-29.6391473548107,16.913679007712,"7","7","Cell_1391"
"Cell_1401",-10.7416558166182,-12.581396038447,"1","4","Cell_1401"
"Cell_1411",-32.8561164406545,5.14896565309686,"7","7","Cell_1411"
"Cell_1421",-13.9336974775957,21.8461402651802,"7","7","Cell_1421"
"Cell_1431",24.4494259337286,-1.38482612500035,"8","8","Cell_1431"
"Cell_1441",-30.403566176776,13.8936546121974,"7","7","Cell_1441"
"Cell_1451",-12.3360903689869,7.29200748969404,"3","7","Cell_1451"
"Cell_1461",-7.35954464382624,31.7908257638421,"5","2","Cell_1461"
"Cell_1471",25.6623776245259,-8.00307828604969,"8","5","Cell_1471"
"Cell_1481",22.9396873923636,24.8034516359309,"6","8","Cell_1481"
"Cell_1491",13.3748383834651,27.3746790586919,"6","8","Cell_1491"
"Cell_1501",4.52562200057318,15.1728537465778,"3","1","Cell_1501"
"Cell_1511",-11.7319182908105,-7.07439196012727,"1","4","Cell_1511"
"Cell_1521",-19.547167849719,12.2252660207004,"7","7","Cell_1521"
"Cell_1531",8.30040112327205,-2.64407052770453,"4","1","Cell_1531"
"Cell_1541",-13.4792249243069,9.6150502835147,"7","7","Cell_1541"
"Cell_1551",26.9898241617847,-1.98255388840568,"8","8","Cell_1551"
"Cell_1561",17.1599334827568,22.3304753418128,"6","8","Cell_1561"
"Cell_1571",-8.49774046422348,3.42101314735832,"3","4","Cell_1571"
"Cell_1581",15.2866529016869,5.18604332684989,"6","1","Cell_1581"
"Cell_1591",5.14632857932369,-37.3782125326061,"2","3","Cell_1591"
"Cell_1601",1.61753943947609,-7.30101213652693,"4","4","Cell_1601"
"Cell_1611",2.49260154899714,-0.237712406591793,"3","1","Cell_1611"
"Cell_1621",0.0615946528285518,-4.09547647341837,"3","4","Cell_1621"
"Cell_1631",-20.0631116587094,9.13519718726605,"7","7","Cell_1631"
"Cell_1641",17.8608656154591,24.7582288740353,"6","8","Cell_1641"
"Cell_1651",-33.7781838813893,18.9904126503583,"7","7","Cell_1651"
"Cell_1661",0.232014139707066,36.3298889099455,"5","2","Cell_1661"
"Cell_1671",-21.5601925550458,12.6289701207031,"7","7","Cell_1671"
"Cell_1681",30.1156500698249,-10.7536766555928,"8","5","Cell_1681"
"Cell_1691",3.38050515186958,-38.8822506095255,"2","3","Cell_1691"
"Cell_1701",15.3512721201275,5.10148855146984,"6","1","Cell_1701"
"Cell_1711",-7.7871459705687,36.8824022561163,"5","2","Cell_1711"
"Cell_1721",-28.9132183910768,6.23273276345515,"7","7","Cell_1721"
"Cell_1731",14.2626306005444,23.5318001673813,"6","8","Cell_1731"
"Cell_1741",7.06233797235428,-36.724541899884,"2","3","Cell_1741"
"Cell_1751",17.0365148051021,21.6312335572097,"6","8","Cell_1751"
"Cell_1761",-2.82085019709693,12.880283142304,"3","1","Cell_1761"
"Cell_1771",-1.90020386295384,-17.6858987438279,"4","4","Cell_1771"
"Cell_1781",-19.4967793829518,3.92514177747684,"7","7","Cell_1781"
"Cell_1791",6.92091039900932,-22.3008831256214,"4","6","Cell_1791"
"Cell_1801",-6.04035325036183,-0.0312899668142731,"3","4","Cell_1801"
"Cell_1811",-4.85435915930971,36.0323737661133,"5","2","Cell_1811"
"Cell_1821",-6.16079658981098,-23.1436220907197,"2","4","Cell_1821"
"Cell_1831",-23.0530120837047,17.0656080136755,"7","7","Cell_1831"
"Cell_1841",1.81576977162823,-8.12275492544869,"4","4","Cell_1841"
"Cell_1851",-12.2565485101464,-0.405160624678631,"1","4","Cell_1851"
"Cell_1861",-23.8893396173139,-1.2350599344417,"7","7","Cell_1861"
"Cell_1871",21.739540157194,20.6199282096917,"6","8","Cell_1871"
"Cell_1881",3.77498853016416,29.893909432383,"5","2","Cell_1881"
"Cell_1891",14.8742593269541,23.2062835946154,"6","8","Cell_1891"
"Cell_1901",32.9750995035682,-10.4321279366964,"8","5","Cell_1901"
"Cell_1911",23.3887849841213,21.1584418080597,"6","8","Cell_1911"
"Cell_1921",3.65309521385126,-34.3507296149504,"2","3","Cell_1921"
"Cell_1931",1.12675868333672,-39.4540673384039,"2","3","Cell_1931"
"Cell_1941",-10.0340511825766,25.4982270680138,"5","2","Cell_1941"
"Cell_1951",-0.302693215975382,31.1970715055436,"5","2","Cell_1951"
"Cell_1961",15.0610546241403,18.3781157982276,"6","8","Cell_1961"
"Cell_1971",16.7883696310069,27.6117289474322,"6","8","Cell_1971"
"Cell_1981",-2.13925610899888,5.70153834416126,"3","1","Cell_1981"
"Cell_1991",30.9719597051806,-15.3498116209518,"8","5","Cell_1991"
"Cell_2001",5.61699263484443,-18.5817057876394,"4","6","Cell_2001"
"Cell_2011",-5.83656218389968,21.5549192328923,"5","2","Cell_2011"
"Cell_2021",16.9741517186373,14.9885580811766,"6","8","Cell_2021"
"Cell_2031",4.84597938287339,29.0827791848781,"5","2","Cell_2031"
"Cell_2041",-4.53980516091981,32.7427460822407,"5","2","Cell_2041"
"Cell_2051",-9.54042402309653,16.4038182388167,"3","7","Cell_2051"
"Cell_2061",-25.3985027751397,-5.79511399094198,"1","4","Cell_2061"
"Cell_2071",-0.936991131991166,33.8125901275287,"5","2","Cell_2071"
"Cell_2081",-6.62004012342546,2.99204095066501,"3","4","Cell_2081"
"Cell_2091",-3.92108015877354,-37.3742349707107,"2","3","Cell_2091"
"Cell_2101",-1.27908789970346,-38.9047269969461,"2","3","Cell_2101"
"Cell_2111",-1.71182108302983,34.3149657173201,"5","2","Cell_2111"
"Cell_2121",15.1278875600716,18.8871069167347,"6","8","Cell_2121"
"Cell_2131",16.2670946039097,23.025715405925,"6","8","Cell_2131"
"Cell_2141",11.8341453920364,14.403494391824,"6","8","Cell_2141"
"Cell_2151",28.0469518885138,-10.0410510568408,"8","5","Cell_2151"
"Cell_2161",1.77953017145129,35.9631483586354,"5","2","Cell_2161"
"Cell_2171",29.217653195424,-15.8579157737817,"8","5","Cell_2171"
"Cell_2181",-4.84909324124382,3.98266730977742,"3","4","Cell_2181"
"Cell_2191",-2.82741137573071,26.87284279066,"5","2","Cell_2191"
"Cell_2201",-18.5625431106337,25.1393406422436,"7","7","Cell_2201"
"Cell_2211",14.2816499073082,19.9318122467885,"6","8","Cell_2211"
"Cell_2221",-3.42119527097974,-3.11339262749865,"3","4","Cell_2221"
"Cell_2231",-30.5898755119553,20.0879974522258,"7","7","Cell_2231"
"Cell_2241",-23.8342915190518,9.61844627236258,"7","7","Cell_2241"
"Cell_2251",-1.60426871840793,30.8591594808574,"5","2","Cell_2251"
"Cell_2261",-21.751954337319,21.2230818070057,"7","7","Cell_2261"
"Cell_2271",3.14773409174229,8.10319649200364,"3","1","Cell_2271"
"Cell_2281",15.9544218988104,19.8142401791686,"6","8","Cell_2281"
"Cell_2291",19.6880702240817,24.0362547506847,"6","8","Cell_2291"
"Cell_2301",18.0753162270595,16.0403723703049,"6","8","Cell_2301"
"Cell_2311",23.3230523305353,2.42056186709582,"8","8","Cell_2311"
"Cell_2321",-9.55848578883668,37.2885108201815,"5","2","Cell_2321"
"Cell_2331",27.9375702258428,-7.33345223504274,"8","5","Cell_2331"
"Cell_2341",-13.8854974025985,-38.1004365321622,"2","3","Cell_2341"
"Cell_2351",-0.846420581615812,-26.4593676849588,"2","4","Cell_2351"
"Cell_2361",-2.14716466039249,34.3696056181754,"5","2","Cell_2361"
"Cell_2371",3.36108525586192,37.2627815519778,"5","2","Cell_2371"
"Cell_2381",0.216389005196446,4.09688955765012,"3","4","Cell_2381"
"Cell_2391",5.85239721100085,27.4528100792183,"5","2","Cell_2391"
"Cell_2401",8.24563220807905,-37.3581149573742,"2","3","Cell_2401"
"Cell_2411",3.18435603157873,-17.0416164056746,"4","6","Cell_2411"
"Cell_2421",4.04002112467716,8.67154925136105,"3","1","Cell_2421"
"Cell_2431",-3.51251333307656,30.6745184647132,"5","2","Cell_2431"
"Cell_2441",-4.02499799345804,26.707396699322,"5","2","Cell_2441"
"Cell_2451",-1.13285239325159,34.6837766901507,"5","2","Cell_2451"
"Cell_2461",31.8726732170053,-3.70857469913502,"8","5","Cell_2461"
"Cell_2471",29.6906526007358,-3.72990922891649,"8","5","Cell_2471"
"Cell_2481",-21.6383606012552,16.7358130774431,"7","7","Cell_2481"
"Cell_2491",-16.8772710524567,19.7255476862383,"7","7","Cell_2491"
"Cell_2501",-2.85134897703953,9.39794642765009,"3","1","Cell_2501"
"Cell_2511",6.56431834236129,29.2102956864808,"5","2","Cell_2511"
"Cell_2521",-16.7867638306563,19.7935393935357,"7","7","Cell_2521"
"Cell_2531",2.67966306941731,12.7869780349289,"3","1","Cell_2531"
"Cell_2541",-4.63839868605291,4.66372573176568,"3","4","Cell_2541"
"Cell_2551",-19.9211799725368,-15.1694537982466,"1","4","Cell_2551"
"Cell_2561",31.0927880384995,-2.99047310662093,"8","5","Cell_2561"
"Cell_2571",4.40211118678584,37.5381203130354,"5","2","Cell_2571"
"Cell_2581",0.960955750252101,2.11883283205516,"3","4","Cell_2581"
"Cell_2591",13.3139279114998,-13.2928812018015,"4","6","Cell_2591"
"Cell_2601",-1.94684621656082,24.2748855046963,"5","2","Cell_2601"
"Cell_2611",-11.8971316118363,-40.1345226395945,"2","3","Cell_2611"
"Cell_2621",-26.3520276645879,-13.7079251164716,"1","4","Cell_2621"
"Cell_2631",-4.01923717700291,28.384794686007,"5","2","Cell_2631"
"Cell_2641",-24.1485955677919,-2.00918678520076,"7","7","Cell_2641"
"Cell_2651",-14.6765995231732,7.08680688387384,"7","7","Cell_2651"
"Cell_2661",1.2431779209261,-23.5380194708253,"2","4","Cell_2661"
"Cell_2671",-0.19071643596528,33.9105548201482,"5","2","Cell_2671"
"Cell_2681",28.8800538671027,-13.361704721559,"8","5","Cell_2681"
"Cell_2691",-30.1724896572622,16.6358214254533,"7","7","Cell_2691"
"Cell_2701",34.647615452601,-17.5075984951824,"8","5","Cell_2701"
"Cell_2711",-24.6535773234925,2.19189045466384,"7","7","Cell_2711"
"Cell_2721",-4.31950137624846,34.0798295524774,"5","2","Cell_2721"
"Cell_2731",-26.7990249061289,6.72885749948879,"7","7","Cell_2731"
"Cell_2741",-14.0348604731823,21.7756389390284,"7","7","Cell_2741"
"Cell_2751",8.27562343100548,29.442856648453,"6","2","Cell_2751"
"Cell_2761",16.4071408895838,14.3254289304203,"6","8","Cell_2761"
"Cell_2771",-20.0123895594882,1.93965973379617,"7","7","Cell_2771"
"Cell_2781",-5.91014854861422,7.41165266420847,"3","4","Cell_2781"
"Cell_2791",-22.2427543425673,-3.54583137893002,"1","4","Cell_2791"
"Cell_2801",-17.0641782087567,-7.64440640679553,"1","4","Cell_2801"
"Cell_2811",6.39793814913852,-5.35212844401195,"4","1","Cell_2811"
"Cell_2821",17.859023658606,23.7477426447159,"6","8","Cell_2821"
"Cell_2831",-30.1967027131568,16.1836000229049,"7","7","Cell_2831"
"Cell_2841",-30.5120086659658,20.3396662062297,"7","7","Cell_2841"
"Cell_2851",1.8705590566524,37.5179052080513,"5","2","Cell_2851"
"Cell_2861",-5.22543653490505,-9.43621157893674,"1","4","Cell_2861"
"Cell_2871",29.2006174510243,-7.14864439620577,"8","5","Cell_2871"
"Cell_2881",33.3221266490061,-15.078996644948,"8","5","Cell_2881"
"Cell_2891",-6.00037478573456,27.5361316082108,"5","2","Cell_2891"
"Cell_2901",-10.1246008485278,29.3091130897334,"5","2","Cell_2901"
"Cell_2911",-23.9297065632786,7.68150339223629,"7","7","Cell_2911"
"Cell_2921",26.3388197462653,-4.98899819538538,"8","8","Cell_2921"
"Cell_2931",21.8066642397626,25.9547153869114,"6","8","Cell_2931"
"Cell_2941",6.59512405858629,-37.769977343498,"2","3","Cell_2941"
"Cell_2951",-19.4472902997526,15.4364331523376,"7","7","Cell_2951"
"Cell_2961",-10.1074869924986,13.1359829594108,"3","7","Cell_2961"
"Cell_2971",1.71462877794615,36.4735941045908,"5","2","Cell_2971"
"Cell_2981",22.1495733208047,22.0234148694387,"6","8","Cell_2981"
"Cell_2991",-4.2647010634643,19.0192748599919,"5","2","Cell_2991"
"Cell_3001",-3.90556145213814,19.6425855396001,"5","2","Cell_3001"
"Cell_3011",-10.9562580722498,39.3225055580043,"5","2","Cell_3011"
"Cell_3021",20.3572487038852,19.8816860370289,"6","8","Cell_3021"
"Cell_3031",14.9166635842841,26.7333704726155,"6","8","Cell_3031"
"Cell_3041",-6.61593886738679,13.8689470558116,"3","1","Cell_3041"
"Cell_3051",16.1264717127434,25.5791784715708,"6","8","Cell_3051"
"Cell_3061",-11.3340496375495,36.9809543834496,"5","2","Cell_3061"
"Cell_3071",33.3323153799256,-13.1337603349441,"8","5","Cell_3071"
"Cell_3081",-1.32523444613801,34.1400401675202,"5","2","Cell_3081"
"Cell_3091",-5.52001742689117,25.7892729071881,"5","2","Cell_3091"
"Cell_3101",-1.97901726890924,33.3545802963172,"5","2","Cell_3101"
"Cell_3111",-13.1226613791024,-11.059836903498,"1","4","Cell_3111"
"Cell_3121",-0.590696435716747,26.9096785293929,"5","2","Cell_3121"
"Cell_3131",0.130006906654076,-0.389033457514812,"3","4","Cell_3131"
"Cell_3141",-17.8755134207781,12.5634228265236,"7","7","Cell_3141"
"Cell_3151",-4.9001973449284,30.3643159727185,"5","2","Cell_3151"
"Cell_3161",14.5363127749738,-0.211220874203544,"4","6","Cell_3161"
"Cell_3171",21.9879652053956,-7.19419640600213,"8","6","Cell_3171"
"Cell_3181",18.808880547414,25.259292312174,"6","8","Cell_3181"
"Cell_3191",5.98135024500862,-12.1238614713188,"4","6","Cell_3191"
"Cell_3201",-21.0955026379667,26.5365214084596,"7","7","Cell_3201"
"Cell_3211",17.8896094102631,19.0672410346909,"6","8","Cell_3211"
"Cell_3221",-0.956769192182973,37.5155509922448,"5","2","Cell_3221"
"Cell_3231",31.747551103197,-8.6774881385164,"8","5","Cell_3231"
"Cell_3241",-34.2620636175709,16.8790391256193,"7","7","Cell_3241"
"Cell_3251",-2.79587326634704,37.5653778542101,"5","2","Cell_3251"
"Cell_3261",-0.995741321595365,-39.9916743366185,"2","3","Cell_3261"
"Cell_3271",15.1776287474429,20.790271170587,"6","8","Cell_3271"
"Cell_3281",29.4947187892821,0.171728224786356,"8","8","Cell_3281"
"Cell_3291",32.3853756675659,-6.49538355342139,"8","5","Cell_3291"
"Cell_3301",16.3973818982762,16.4018746265938,"6","8","Cell_3301"
"Cell_3311",-4.0783879387064,24.885142611171,"5","2","Cell_3311"
"Cell_3321",9.19146472567232,15.0874057887949,"6","8","Cell_3321"
"Cell_3331",-10.5003196711004,3.07377398359397,"3","4","Cell_3331"
"Cell_3341",-19.217605667155,2.36295688461938,"7","7","Cell_3341"
"Cell_3351",-7.53957261596784,19.7603324939857,"5","2","Cell_3351"
"Cell_3361",-10.9790604630764,5.08414546009086,"3","7","Cell_3361"
"Cell_3371",30.5581538137196,-7.79499687258009,"8","5","Cell_3371"
"Cell_3381",2.7660695784176,-18.9927045555759,"4","6","Cell_3381"
"Cell_3391",11.6275862047368,-11.3480697258062,"4","6","Cell_3391"
"Cell_3401",-22.4563271025921,-0.390196967140976,"7","7","Cell_3401"
"Cell_3411",-0.720945389164559,-38.5016767728637,"2","3","Cell_3411"
"Cell_3421",-18.7165355618894,-18.4595029933816,"1","4","Cell_3421"
"Cell_3431",1.91593952192217,39.4902991272691,"5","2","Cell_3431"
"Cell_3441",22.0090878977901,17.0185498310816,"6","8","Cell_3441"
"Cell_3451",3.49847285940383,6.57291748978793,"3","1","Cell_3451"
"Cell_3461",12.2929051964557,-7.28367530867249,"4","6","Cell_3461"
"Cell_3471",-2.37623119742948,31.9161818560415,"5","2","Cell_3471"
"Cell_3481",-10.4173225882364,12.0611057728636,"3","7","Cell_3481"
"Cell_3491",-7.05174612434581,39.6492531882412,"5","2","Cell_3491"
"Cell_3501",37.322671596074,-13.6286760731206,"8","5","Cell_3501"
"Cell_3511",-1.21144782322635,32.3341401487966,"5","2","Cell_3511"
"Cell_3521",28.2604575391686,-17.7642639973921,"8","5","Cell_3521"
"Cell_3531",-8.2928353383422,38.3932485164735,"5","2","Cell_3531"
"Cell_3541",-0.942746231106238,-39.5064931062297,"2","3","Cell_3541"
"Cell_3551",0.458935080480182,35.1290347376286,"5","2","Cell_3551"
"Cell_3561",33.375761207597,-7.02266298550757,"8","5","Cell_3561"
"Cell_3571",-13.5486724639401,15.6962029018666,"7","7","Cell_3571"
"Cell_3581",-17.3555645764008,29.739601528567,"5","7","Cell_3581"
"Cell_3591",3.31744659759365,-11.3817820325157,"4","4","Cell_3591"
"Cell_3601",6.46689145787171,12.9543353639531,"6","1","Cell_3601"
"Cell_3611",-10.0336440523024,-19.5816185650375,"1","4","Cell_3611"
"Cell_3621",-7.31744424253087,37.698046971982,"5","2","Cell_3621"
"Cell_3631",25.9719434648846,-4.00056679838956,"8","8","Cell_3631"
"Cell_3641",-17.0427644291421,5.66268032165515,"7","7","Cell_3641"
"Cell_3651",-19.5599113481704,1.13022507127038,"7","7","Cell_3651"
"Cell_3661",-23.7026323910825,5.37856631013057,"7","7","Cell_3661"
"Cell_3671",3.51351703221185,-16.0224351571486,"4","6","Cell_3671"
"Cell_3681",-9.50202984925468,16.4413662107364,"3","7","Cell_3681"
"Cell_3691",-24.187426180338,15.0432582342306,"7","7","Cell_3691"
"Cell_3701",1.27355207361038,7.7701248644352,"3","1","Cell_3701"
"Cell_3711",-19.4444266524998,6.12691155269386,"7","7","Cell_3711"
"Cell_3721",-0.299444600521082,32.1296810600477,"5","2","Cell_3721"
"Cell_3731",-8.25198473276216,9.66017227935677,"3","4","Cell_3731"
"Cell_3741",16.7795499096391,18.7809454341768,"6","8","Cell_3741"
"Cell_3751",-13.6234369445492,-13.8578987133916,"1","4","Cell_3751"
"Cell_3761",-4.39043702011497,5.98243183741943,"3","4","Cell_3761"
"Cell_3771",1.79064556876833,27.3883454039951,"5","2","Cell_3771"
"Cell_3781",-33.1684309149166,14.8901106151492,"7","7","Cell_3781"
"Cell_3791",1.60781940297531,32.4457733764411,"5","2","Cell_3791"
"Cell_3801",20.5626828939282,-10.2430969863841,"8","6","Cell_3801"
"Cell_3811",-17.8362458911831,27.0418008179094,"7","7","Cell_3811"
"Cell_3821",1.0578931410446,-37.9392613327755,"2","3","Cell_3821"
"Cell_3831",-11.2824446244351,9.15891524971897,"3","7","Cell_3831"
"Cell_3841",-3.92189970858688,34.500231764677,"5","2","Cell_3841"
"Cell_3851",-0.471878011070304,5.94054790944285,"3","1","Cell_3851"
"Cell_3861",13.9511812305838,25.2782813936851,"6","8","Cell_3861"
"Cell_3871",18.9967880238118,19.9689993395944,"6","8","Cell_3871"
"Cell_3881",-4.10290499189842,23.7866212656073,"5","2","Cell_3881"
"Cell_3891",-20.0921794921948,27.3613380382552,"7","7","Cell_3891"
"Cell_3901",-10.9209339351665,5.19631337460021,"3","7","Cell_3901"
"Cell_3911",2.56261097408864,7.18365390767086,"3","1","Cell_3911"
"Cell_3921",-17.1976832657564,2.36151085863144,"7","4","Cell_3921"
"Cell_3931",-27.1922388536122,-13.6023768567057,"1","4","Cell_3931"
"Cell_3941",-21.2397555572689,27.3261967303595,"7","7","Cell_3941"
"Cell_3951",1.28678210963124,8.50676201058009,"3","1","Cell_3951"
"Cell_3961",-1.81656045862328,27.60810809629,"5","2","Cell_3961"
"Cell_3971",-26.2579968999761,-1.62006282643924,"7","7","Cell_3971"
"Cell_3981",18.3853166008062,26.6960969255866,"6","8","Cell_3981"
"Cell_3991",6.63829684519038,19.5231563268407,"6","1","Cell_3991"
"Cell_4001",17.9092709580261,21.8633844249018,"6","8","Cell_4001"
"Cell_4011",-12.9591332217129,15.918566566245,"7","7","Cell_4011"
"Cell_4021",-10.2676664006972,12.7819571811246,"3","7","Cell_4021"
"Cell_4031",-24.1781875229616,3.47938707154897,"7","7","Cell_4031"
"Cell_4041",34.5169966876433,-0.635067534044539,"8","5","Cell_4041"
"Cell_4051",-10.3314419999627,-4.62025076680075,"1","4","Cell_4051"
"Cell_4061",24.3924357319038,-16.4472976858914,"8","5","Cell_4061"
"Cell_4071",-13.8023116394459,-10.8575633431981,"1","4","Cell_4071"
"Cell_4081",1.38665069295536,35.3778776546054,"5","2","Cell_4081"
"Cell_4091",-22.0108622952728,7.55466827036918,"7","7","Cell_4091"
"Cell_4101",15.4209077216509,21.6045661078484,"6","8","Cell_4101"
"Cell_4111",-8.69343593258118,16.5434879526532,"3","7","Cell_4111"
"Cell_4121",15.4098540898667,24.6035930750185,"6","8","Cell_4121"
"Cell_4131",-8.77700281428239,16.4999312798804,"3","7","Cell_4131"
"Cell_4141",-2.88683865704458,36.4087143745815,"5","2","Cell_4141"
"Cell_4151",27.5903953102055,2.19409971210245,"8","8","Cell_4151"
"Cell_4161",-13.2246434459342,18.7078774191597,"7","7","Cell_4161"
"Cell_4171",0.831497364828862,6.71992852759992,"3","1","Cell_4171"
"Cell_4181",-1.54819055743697,35.352315287961,"5","2","Cell_4181"
"Cell_4191",35.3144847883989,-13.2868238998721,"8","5","Cell_4191"
"Cell_4201",-21.7320388470825,25.6546377994644,"7","7","Cell_4201"
"Cell_4211",-2.36704800399395,0.46616101216578,"3","4","Cell_4211"
"Cell_4221",26.7239006833357,-8.88344629558559,"8","5","Cell_4221"
"Cell_4231",2.76086543124201,-39.9966059073355,"2","3","Cell_4231"
"Cell_4241",11.5275136322841,23.9344603781179,"6","8","Cell_4241"
"Cell_4251",34.5951134415449,-20.568502855904,"8","5","Cell_4251"
"Cell_4261",11.7368058592095,18.6370497844723,"6","8","Cell_4261"
"Cell_4271",-21.596892650957,2.12327253318694,"7","7","Cell_4271"
"Cell_4281",-25.8625040619258,11.6614504394978,"7","7","Cell_4281"
"Cell_4291",12.955275502778,14.8728120014039,"6","8","Cell_4291"
"Cell_4301",32.1476062376208,-11.2313223467234,"8","5","Cell_4301"
"Cell_4311",-10.9616631697305,19.0277844797742,"5","7","Cell_4311"
"Cell_4321",-13.2471591804586,5.37646000646123,"3","7","Cell_4321"
"Cell_4331",-3.69499843564333,35.7906138525653,"5","2","Cell_4331"
"Cell_4341",-20.6235511817576,-4.87560397036135,"1","4","Cell_4341"
"Cell_4351",-21.3594354311572,12.7467009501271,"7","7","Cell_4351"
"Cell_4361",3.42989045776404,-7.06596378598604,"4","4","Cell_4361"
"Cell_4371",6.67252045870318,-35.196813442722,"2","3","Cell_4371"
"Cell_4381",-18.1648019876112,-9.97187332294569,"1","4","Cell_4381"
"Cell_4391",-19.0572377656565,-0.438063990403412,"1","4","Cell_4391"
"Cell_4401",-5.45793865715698,33.9595706785199,"5","2","Cell_4401"
"Cell_4411",-4.14050649899827,35.4286072478636,"5","2","Cell_4411"
"Cell_4421",7.8818675613784,-8.33212934307674,"4","6","Cell_4421"
"Cell_4431",1.65394814049186,16.3806385905616,"3","1","Cell_4431"
"Cell_4441",-10.6882616738688,-17.6873830737581,"1","4","Cell_4441"
"Cell_4451",17.9193334060766,1.21564571643916,"8","8","Cell_4451"
"Cell_4461",0.306275118815507,33.5075744721541,"5","2","Cell_4461"
"Cell_4471",-1.33904021676875,4.11468065875598,"3","4","Cell_4471"
"Cell_4481",16.6589154042615,24.6934132941377,"6","8","Cell_4481"
"Cell_4491",2.80971831233957,0.398248368767967,"3","1","Cell_4491"
"Cell_4501",-3.50778357861808,-16.1019014491415,"4","4","Cell_4501"
"Cell_4511",1.68719219406163,27.3288174193679,"5","2","Cell_4511"
"Cell_4521",-4.91480282111638,40.0299669190681,"5","2","Cell_4521"
"Cell_4531",9.03218211290905,19.8344482991857,"6","8","Cell_4531"
"Cell_4541",-6.05148915567677,-18.7382071488424,"1","4","Cell_4541"
"Cell_4551",31.7518472270824,-10.2001290337748,"8","5","Cell_4551"
"Cell_4561",18.8108231797881,21.777116699768,"6","8","Cell_4561"
"Cell_4571",-9.91663764288941,-10.8233273788183,"1","4","Cell_4571"
"Cell_4581",-22.2181547367324,-9.38738255445527,"1","4","Cell_4581"
"Cell_4591",-18.692464802512,-8.07988459135615,"1","4","Cell_4591"
"Cell_4601",32.6840527738412,-16.6681665978894,"8","5","Cell_4601"
"Cell_4611",-15.2161973224672,-24.8777666367436,"1","4","Cell_4611"
"Cell_4621",24.9071840261603,-5.32782789788191,"8","8","Cell_4621"
"Cell_4631",12.371195839089,-9.38139922797168,"4","6","Cell_4631"
"Cell_4641",-3.91878505491749,-13.7255646642022,"1","4","Cell_4641"
"Cell_4651",17.8950823330946,23.2527641302314,"6","8","Cell_4651"
"Cell_4661",38.6428622229995,-17.3956229572146,"8","5","Cell_4661"
"Cell_4671",-33.2933258177895,15.3195414701493,"7","7","Cell_4671"
"Cell_4681",11.1853983222549,16.6573854941275,"6","8","Cell_4681"
"Cell_4691",25.4115316038191,23.9229413921487,"6","8","Cell_4691"
"Cell_4701",32.1807969948601,-6.43769832076549,"8","5","Cell_4701"
"Cell_4711",-8.35599017840019,3.12971353040424,"3","4","Cell_4711"
"Cell_4721",6.1028177217244,-38.7103340782348,"2","3","Cell_4721"
"Cell_4731",17.9076162669887,-0.660431480653521,"8","8","Cell_4731"
"Cell_4741",-11.6082584147972,4.30188931260565,"3","7","Cell_4741"
"Cell_4751",35.1412681454307,-8.40709992270741,"8","5","Cell_4751"
"Cell_4761",-32.870536232517,17.5188073416912,"7","7","Cell_4761"
"Cell_4771",9.69207663819612,-1.34121351022843,"4","1","Cell_4771"
"Cell_4781",35.4176296962536,-8.23503702585596,"8","5","Cell_4781"
"Cell_4791",-4.16342814818042,37.7757706679397,"5","2","Cell_4791"
"Cell_4801",-25.8022405960446,5.82493469517231,"7","7","Cell_4801"
"Cell_4811",-17.4341513776219,-2.82581032796583,"1","4","Cell_4811"
"Cell_4821",-22.4173686902308,5.50213455053974,"7","7","Cell_4821"
"Cell_4831",32.0230018471192,-16.4181698865046,"8","5","Cell_4831"
"Cell_4841",2.33604950903116,8.78117727512601,"3","1","Cell_4841"
"Cell_4851",-12.687986816865,-4.7325675157538,"1","4","Cell_4851"
"Cell_4861",-7.02320164037926,41.4201129873362,"5","2","Cell_4861"
"Cell_4871",9.71626073979789,0.00240837364887423,"4","1","Cell_4871"
"Cell_4881",-12.4517472713358,33.1339330056703,"5","2","Cell_4881"
"Cell_4891",-28.7564778305922,0.770202370657535,"7","7","Cell_4891"
"Cell_4901",-19.9881778447755,-2.62192272728986,"1","4","Cell_4901"
"Cell_4911",-6.37045529931444,38.3962757827767,"5","2","Cell_4911"
"Cell_4921",0.139929268104246,31.0648529134435,"5","2","Cell_4921"
"Cell_4931",11.5489862926265,8.98811591183598,"6","1","Cell_4931"
"Cell_4941",-7.9901679915347,31.3192449824849,"5","2","Cell_4941"
"Cell_4951",-12.6812981810284,-37.1450465190298,"2","3","Cell_4951"
"Cell_4961",-7.90621344369505,27.5308853371345,"5","2","Cell_4961"
"Cell_4971",29.0227944284443,-12.0680588150675,"8","5","Cell_4971"
"Cell_4981",-7.62890725878494,-8.94095041371543,"1","4","Cell_4981"
"Cell_4991",0.178953848399989,38.0818335352131,"5","2","Cell_4991"
"Cell_5001",-0.045506239740462,-18.9923057303784,"4","4","Cell_5001"
"Cell_5011",19.5706202857497,23.1064601359169,"6","8","Cell_5011"
"Cell_5021",-6.33305823939292,6.43101289689736,"3","4","Cell_5021"
"Cell_5031",4.8967148885556,25.7178295948761,"5","2","Cell_5031"
"Cell_5041",4.35415095075587,9.534251942837,"3","1","Cell_5041"
"Cell_5051",21.3852168647196,14.4796433451152,"6","8","Cell_5051"
"Cell_5061",-30.3268281517696,15.8205152011518,"7","7","Cell_5061"
"Cell_5071",-3.14667753807334,23.2588011539501,"5","2","Cell_5071"
"Cell_5081",33.7704014612995,-19.2357699368782,"8","5","Cell_5081"
"Cell_5091",8.65085357079487,-2.98416119635366,"4","1","Cell_5091"
"Cell_5101",-4.27131844507605,11.8025105228779,"3","1","Cell_5101"
"Cell_5111",13.7715512494315,21.240201271722,"6","8","Cell_5111"
"Cell_5121",17.2919005119224,21.0349939333607,"6","8","Cell_5121"
"Cell_5131",-11.0924322017471,28.5538851182775,"5","2","Cell_5131"
"Cell_5141",-30.9249603350617,18.7063629662545,"7","7","Cell_5141"
"Cell_5151",2.33780486757604,19.3578495064951,"5","1","Cell_5151"
"Cell_5161",19.9086567584039,22.3383901303562,"6","8","Cell_5161"
"Cell_5171",2.7433230739878,23.1436845007233,"5","2","Cell_5171"
"Cell_5181",-18.9033137668934,6.91237140372871,"7","7","Cell_5181"
"Cell_5191",-30.4303047427658,1.56973307509961,"7","7","Cell_5191"
"Cell_5201",28.5901714240443,-14.1774348162707,"8","5","Cell_5201"
"Cell_5211",20.8200298527542,21.3853381745932,"6","8","Cell_5211"
"Cell_5221",10.3483615623763,0.246996320716956,"4","1","Cell_5221"
"Cell_5231",-18.7610865104368,15.4942977806372,"7","7","Cell_5231"
"Cell_5241",-0.860761890924035,-36.9275197430161,"2","3","Cell_5241"
"Cell_5251",-2.26916914900625,25.9306142369021,"5","2","Cell_5251"
"Cell_5261",-6.55120527056594,-14.8428067656831,"1","4","Cell_5261"
"Cell_5271",-1.71385137696512,38.3010656799648,"5","2","Cell_5271"
"Cell_5281",-8.75562156921143,-14.7188156971076,"1","4","Cell_5281"
"Cell_5291",-21.7964774577545,21.2213196874901,"7","7","Cell_5291"
"Cell_5301",-9.84647323596297,7.19588745332831,"3","4","Cell_5301"
"Cell_5311",21.4090054200709,-20.0515516886443,"8","6","Cell_5311"
"Cell_5321",-18.0971567006558,9.46894034011566,"7","7","Cell_5321"
"Cell_5331",30.6007803043596,-16.5942655722062,"8","5","Cell_5331"
"Cell_5341",7.01269602487169,-40.2320445954336,"2","3","Cell_5341"
"Cell_5351",0.0898816411214178,28.5893991963662,"5","2","Cell_5351"
"Cell_5361",-32.5949855948558,13.018267160037,"7","7","Cell_5361"
"Cell_5371",24.9173570635712,22.2351727251251,"6","8","Cell_5371"
"Cell_5381",-18.666993781122,13.8331292022839,"7","7","Cell_5381"
"Cell_5391",-3.49282354283016,28.1520926393697,"5","2","Cell_5391"
"Cell_5401",18.8559752489432,21.05801581539,"6","8","Cell_5401"
"Cell_5411",-12.2940441457669,22.6516015466422,"5","2","Cell_5411"
"Cell_5421",-5.15226154620799,39.2684635339894,"5","2","Cell_5421"
"Cell_5431",-7.10772502642814,-19.4914095856797,"1","4","Cell_5431"
"Cell_5441",-5.46835547593231,-15.3088708163665,"1","4","Cell_5441"
"Cell_5451",-11.1981182959005,-1.60222744835441,"1","4","Cell_5451"
"Cell_5461",-13.2640370193202,12.1531523441675,"7","7","Cell_5461"
"Cell_5471",-18.1513373505145,16.7778434436237,"7","7","Cell_5471"
"Cell_5481",14.296612643081,14.5687531068792,"6","8","Cell_5481"
"Cell_5491",-13.9995853010526,-38.6114108842938,"2","3","Cell_5491"
"Cell_5501",-30.3613299862512,1.46739466261637,"7","7","Cell_5501"
"Cell_5511",-5.60153331781312,36.6170537177174,"5","2","Cell_5511"
"Cell_5521",-12.2080894995459,35.5326180418501,"5","2","Cell_5521"
"Cell_5531",-19.10652622579,-8.50519314542775,"1","4","Cell_5531"
"Cell_5541",34.3788720713868,-15.3700315769956,"8","5","Cell_5541"
"Cell_5551",-14.5438022137134,3.6504389329835,"7","4","Cell_5551"
"Cell_5561",-9.49278485074024,39.2524670241962,"5","2","Cell_5561"
"Cell_5571",0.608844676991424,32.3847854949735,"5","2","Cell_5571"
"Cell_5581",17.0154162751433,23.652688670698,"6","8","Cell_5581"
"Cell_5591",15.9972957736244,14.1384072865095,"6","8","Cell_5591"
"Cell_5601",-20.5192446570897,2.57650252211951,"7","7","Cell_5601"
"Cell_5611",32.2097002051604,-12.6047092408332,"8","5","Cell_5611"
"Cell_5621",-9.08372699484173,38.6560839376615,"5","2","Cell_5621"
"Cell_5631",36.2256847392604,-12.0446429099699,"8","5","Cell_5631"
"Cell_5641",-7.90073039843391,36.2678503332261,"5","2","Cell_5641"
"Cell_5651",30.054730615387,-9.99956648484478,"8","5","Cell_5651"
"Cell_5661",-24.2736184598117,7.76705623252193,"7","7","Cell_5661"
"Cell_5671",0.972192435957768,36.6248654706283,"5","2","Cell_5671"
"Cell_5681",1.18361319487395,33.9839845038028,"5","2","Cell_5681"
"Cell_5691",-3.27798520928249,33.501253539356,"5","2","Cell_5691"
"Cell_5701",32.9783486612828,-13.9551968240504,"8","5","Cell_5701"
"Cell_5711",-11.0783078017357,19.275883014873,"5","7","Cell_5711"
"Cell_5721",1.46951955364998,17.0083226309536,"3","1","Cell_5721"
"Cell_5731",18.8799183507442,24.168979912975,"6","8","Cell_5731"
"Cell_5741",-8.03951557270542,39.9313001753405,"5","2","Cell_5741"
"Cell_5751",9.07426674039656,14.9072282395814,"6","8","Cell_5751"
"Cell_5761",-13.701037683286,12.1301662036014,"7","7","Cell_5761"
"Cell_5771",26.2514793340806,-16.0448971829878,"8","5","Cell_5771"
"Cell_5781",33.499731064366,-5.29877363990013,"8","5","Cell_5781"
"Cell_5791",-24.6935456118037,17.7544640721931,"7","7","Cell_5791"
"Cell_5801",-5.91657537376521,6.02048631000727,"3","4","Cell_5801"
"Cell_5811",16.0615211992976,-13.5695730286173,"4","6","Cell_5811"
"Cell_5821",0.147804516477929,0.77079985693546,"3","4","Cell_5821"
"Cell_5831",-2.70498366375001,33.5514440662751,"5","2","Cell_5831"
"Cell_5841",5.63190077619193,-35.8296755417997,"2","3","Cell_5841"
"Cell_5851",-18.6048533861791,28.9609086029245,"7","7","Cell_5851"
"Cell_5861",34.7419479943931,-14.1595519920726,"8","5","Cell_5861"
"Cell_5871",-20.9964452833294,8.62312214366699,"7","7","Cell_5871"
"Cell_5881",-2.62098697953762,7.38809783932405,"3","1","Cell_5881"
"Cell_5891",21.009672429973,24.3184284470482,"6","8","Cell_5891"
"Cell_5901",-15.3434413486669,1.29956573655269,"1","4","Cell_5901"
"Cell_5911",35.316961386085,-11.9623827946195,"8","5","Cell_5911"
"Cell_5921",6.71490854712986,-19.9717032200513,"4","6","Cell_5921"
"Cell_5931",24.373076521472,-4.39017672243099,"8","8","Cell_5931"
"Cell_5941",-24.8660028193699,-5.66979281895779,"1","4","Cell_5941"
"Cell_5951",-6.29545382014768,35.3010763735346,"5","2","Cell_5951"
"Cell_5961",6.13802943499734,-32.7144280631328,"2","3","Cell_5961"
"Cell_5971",20.6419501578759,27.6626878416087,"6","8","Cell_5971"
"Cell_5981",-15.1624438189447,25.9251251060308,"5","7","Cell_5981"
"Cell_5991",4.15010238807474,-37.6191684034898,"2","3","Cell_5991"
"Cell_6001",-14.7527035919119,-6.313393142372,"1","4","Cell_6001"
"Cell_6011",-18.731814385661,15.7749117959832,"7","7","Cell_6011"
"Cell_6021",29.3191622257463,-17.0623371787853,"8","5","Cell_6021"
"Cell_6031",10.4911389431953,-5.47146172406629,"4","6","Cell_6031"
"Cell_6041",-15.8764663265993,-4.39022062293787,"1","4","Cell_6041"
"Cell_6051",-17.8313528920716,-6.00592439506601,"1","4","Cell_6051"
"Cell_6061",-16.9518850683427,12.9089639916115,"7","7","Cell_6061"
"Cell_6071",30.4657519687292,-6.86175935170744,"8","5","Cell_6071"
"Cell_6081",-22.1063111424847,14.5771827633463,"7","7","Cell_6081"
"Cell_6091",13.228681654727,-2.13304004077374,"4","6","Cell_6091"
"Cell_6101",-1.18987939473616,-38.0919492382491,"2","3","Cell_6101"
"Cell_6111",10.9950094041743,22.2374459193293,"6","8","Cell_6111"
"Cell_6121",-5.68197010333909,34.3633672177307,"5","2","Cell_6121"
"Cell_6131",-11.9810950310944,-7.94766245086896,"1","4","Cell_6131"
"Cell_6141",-2.54131759773637,-0.0112759986979432,"3","4","Cell_6141"
"Cell_6151",18.3035703778516,17.2481603245184,"6","8","Cell_6151"
"Cell_6161",6.69464273282719,17.4315324031972,"6","1","Cell_6161"
"Cell_6171",4.1084289404237,-2.67419921849154,"3","1","Cell_6171"
"Cell_6181",-21.5727307666732,-2.26715410009371,"1","4","Cell_6181"
"Cell_6191",-19.292930875366,26.8705203165134,"7","7","Cell_6191"
"Cell_6201",-29.8375387550637,-1.77611228541418,"7","7","Cell_6201"
"Cell_6211",-0.768796507547995,-1.04491101378149,"3","4","Cell_6211"
"Cell_6221",-12.7031246382788,37.6289070260897,"5","2","Cell_6221"
"Cell_6231",-13.2795047898223,-1.67162443316027,"1","4","Cell_6231"
"Cell_6241",-32.3850006738601,2.2622722444619,"7","7","Cell_6241"
"Cell_6251",-3.5295579335064,14.899917527531,"3","1","Cell_6251"
"Cell_6261",-19.494462893848,14.7565316199406,"7","7","Cell_6261"
"Cell_6271",20.4523988728404,9.38435003847029,"6","8","Cell_6271"
"Cell_6281",19.2230057862319,10.4464070680983,"6","8","Cell_6281"
"Cell_6291",-6.02933180043369,3.7858193741543,"3","4","Cell_6291"
"Cell_6301",-15.7304660490379,9.51111659845407,"7","7","Cell_6301"
"Cell_6311",-2.38746001277391,35.3522113285714,"5","2","Cell_6311"
"Cell_6321",-3.42511263681086,-38.528777964756,"2","3","Cell_6321"
"Cell_6331",-14.906852379927,14.0408304532532,"7","7","Cell_6331"
"Cell_6341",6.67766847357607,25.4026419117231,"6","2","Cell_6341"
"Cell_6351",17.9319773680395,22.3292939433485,"6","8","Cell_6351"
"Cell_6361",-1.77042039939129,-37.7632486861651,"2","3","Cell_6361"
"Cell_6371",-1.49421702836443,10.5924979386688,"3","1","Cell_6371"
"Cell_6381",-15.8036745067173,16.9512458975459,"7","7","Cell_6381"
"Cell_6391",23.3847806134668,23.3217898925243,"6","8","Cell_6391"
"Cell_6401",-10.3403766628303,-7.25140445687591,"1","4","Cell_6401"
"Cell_6411",-4.86601448128227,35.042785896774,"5","2","Cell_6411"
"Cell_6421",22.6216886293857,19.3135711414467,"6","8","Cell_6421"
"Cell_6431",-6.52063143397526,33.0325820030565,"5","2","Cell_6431"
"Cell_6441",11.2243567131313,18.7755399285636,"6","8","Cell_6441"
"Cell_6451",-10.9782851979463,5.68689546473185,"3","7","Cell_6451"
"Cell_6461",3.70657811739867,5.10275055215595,"3","1","Cell_6461"
"Cell_6471",3.6607185924236,-26.2324340653932,"2","6","Cell_6471"
"Cell_648",-6.04412644624398,35.6683918422561,"5","2","Cell_648"
"Cell_649",0.435981846141729,-41.6520925159876,"2","3","Cell_649"
"Cell_650",3.23723019984279,-20.8820895858851,"4","6","Cell_650"
"Cell_651",-9.57849091023581,40.9128534998135,"5","2","Cell_651"
"Cell_652",-0.823502745878321,32.9988655967762,"5","2","Cell_652"
"Cell_653",-8.68465413475492,-5.12049603946328,"1","4","Cell_653"
"Cell_654",-14.0852883002214,2.7966789816313,"1","4","Cell_654"
"Cell_655",-23.8937493775665,-14.6609959134639,"1","4","Cell_655"
"Cell_656",23.4250755889206,2.48969224619323,"8","8","Cell_656"
"Cell_657",-0.334981076031226,34.3655380229264,"5","2","Cell_657"
"Cell_658",16.9819658032467,19.8447530225587,"6","8","Cell_658"
"Cell_659",-7.04529193907098,37.1940677761563,"5","2","Cell_659"
"Cell_660",11.2652660669502,-28.7117502079011,"4","6","Cell_660"
"Cell_661",-30.6279632021024,16.9886732811085,"7","7","Cell_661"
"Cell_662",-17.2105415200572,-4.56131233912046,"1","4","Cell_662"
"Cell_663",-12.3134508252116,10.0960672225133,"3","7","Cell_663"
"Cell_664",-0.803481811970415,-39.2955407547385,"2","3","Cell_664"
"Cell_665",30.2575368180656,-15.3381817013962,"8","5","Cell_665"
"Cell_666",-1.67665165368992,33.3206397500149,"5","2","Cell_666"
"Cell_667",-24.4988142393313,12.7372809927069,"7","7","Cell_667"
"Cell_668",-0.868398515214325,39.2135514856662,"5","2","Cell_668"
"Cell_669",1.48595548669341,32.0175345668616,"5","2","Cell_669"
"Cell_670",-1.69155611727976,-39.6046400463051,"2","3","Cell_670"
"Cell_671",-15.7110204077022,-21.9509572878782,"1","4","Cell_671"
"Cell_672",3.77026066608093,-6.8045487065415,"4","4","Cell_672"
"Cell_673",-22.5074921624913,10.1759156643967,"7","7","Cell_673"
"Cell_674",17.2288659177003,17.2001013099425,"6","8","Cell_674"
"Cell_675",-2.30020218891874,4.24304612147523,"3","4","Cell_675"
"Cell_676",3.54143705983507,35.4388350899668,"5","2","Cell_676"
"Cell_677",2.32427891657639,35.2856502460651,"5","2","Cell_677"
"Cell_678",11.3092190088313,-27.6817449297189,"4","6","Cell_678"
"Cell_679",-10.8000832852802,-18.6797171943898,"1","4","Cell_679"
"Cell_680",4.64429672111478,-38.5069728427047,"2","3","Cell_680"
"Cell_681",-15.1482130734582,4.11485525921459,"7","4","Cell_681"
"Cell_682",3.27608344261513,7.34762629319454,"3","1","Cell_682"
"Cell_683",-29.8688433220704,-9.51567038858485,"1","4","Cell_683"
"Cell_684",-7.6097895928046,35.8686892348613,"5","2","Cell_684"
"Cell_685",-11.8596225591773,10.7055568706885,"3","7","Cell_685"
"Cell_686",13.2611643608114,15.4343176732276,"6","8","Cell_686"
"Cell_687",-6.84933883422357,21.3074422377843,"5","2","Cell_687"
"Cell_688",-11.8476833637561,28.2102673587641,"5","2","Cell_688"
"Cell_689",13.8327465510663,16.2436725595175,"6","8","Cell_689"
"Cell_690",9.67036626865897,18.1234292526022,"6","8","Cell_690"
"Cell_691",-2.79368510993627,-12.6157728268561,"4","4","Cell_691"
"Cell_692",-29.4228365721289,6.15467320090826,"7","7","Cell_692"
"Cell_693",-6.27796414723272,29.0477404994537,"5","2","Cell_693"
"Cell_694",14.4345412455018,9.99459058845811,"6","1","Cell_694"
"Cell_695",-6.65946735717053,23.8774635381793,"5","2","Cell_695"
"Cell_696",-2.66140643600419,-24.3138535977604,"2","4","Cell_696"
"Cell_697",24.7144347961793,-1.44362337245559,"8","8","Cell_697"
"Cell_698",15.9642747913754,17.7838156266008,"6","8","Cell_698"
"Cell_699",-5.25354701079091,4.37319675370978,"3","4","Cell_699"
"Cell_700",1.28266323952578,-4.02442883840046,"3","4","Cell_700"
"Cell_701",9.92977533331227,17.717170335264,"6","8","Cell_701"
"Cell_702",28.4315873561069,-9.12677362477269,"8","5","Cell_702"
"Cell_703",18.9854676107877,22.6394089582664,"6","8","Cell_703"
"Cell_704",3.64031460195621,25.3395434347888,"5","2","Cell_704"
"Cell_705",1.80281074691816,-0.328545517656051,"3","1","Cell_705"
"Cell_706",5.94239149534221,-4.43273248913599,"4","1","Cell_706"
"Cell_707",-2.98994903474325,10.4126462065307,"3","1","Cell_707"
"Cell_708",1.80820532335233,22.7164646790406,"5","2","Cell_708"
"Cell_709",10.6217434571902,20.2015309058775,"6","8","Cell_709"
"Cell_710",11.4896036612165,16.2120635352791,"6","8","Cell_710"
"Cell_711",32.1181159810966,-10.5729025654848,"8","5","Cell_711"
"Cell_712",-7.36438683047552,20.1470131827075,"5","2","Cell_712"
"Cell_713",0.265796778205068,-0.507129823439041,"3","4","Cell_713"
"Cell_714",6.64307583585247,-36.5214663740136,"2","3","Cell_714"
"Cell_715",-5.49562514663456,-4.6669717738624,"3","4","Cell_715"
"Cell_716",-15.9575590521467,8.50430285021568,"7","7","Cell_716"
"Cell_717",-27.9843527643756,-4.52101538687442,"7","4","Cell_717"
"Cell_718",-14.5888234378585,-18.2581581128921,"1","4","Cell_718"
"Cell_719",-24.3234433334467,10.5163837035213,"7","7","Cell_719"
"Cell_720",-20.7020446938447,16.9505523890181,"7","7","Cell_720"
"Cell_721",20.1847042214972,18.260465315445,"6","8","Cell_721"
"Cell_722",-6.34458719007808,13.6994198752647,"3","1","Cell_722"
"Cell_723",-14.6836338691256,-6.33672971018148,"1","4","Cell_723"
"Cell_724",-2.71888691669742,9.57077001841195,"3","1","Cell_724"
"Cell_725",29.8447680353586,-13.2310085727403,"8","5","Cell_725"
"Cell_726",-2.08490918095058,22.1817888870566,"5","2","Cell_726"
"Cell_727",32.0310312192033,-18.4279059112551,"8","5","Cell_727"
"Cell_728",-19.8900417117385,27.5531146310171,"7","7","Cell_728"
"Cell_729",-14.5916303617573,-37.3364600168163,"2","3","Cell_729"
"Cell_730",-11.4994139483277,24.0519022354918,"5","2","Cell_730"
"Cell_731",22.0450369398401,23.5808834013264,"6","8","Cell_731"
"Cell_732",-32.8129437540141,5.17614400873464,"7","7","Cell_732"
"Cell_733",-21.2029512316793,6.26090984951472,"7","7","Cell_733"
"Cell_734",25.0349652928672,17.9306796566972,"6","8","Cell_734"
"Cell_735",-1.35375270812769,27.890128953175,"5","2","Cell_735"
"Cell_736",18.3148063610462,20.9610880247875,"6","8","Cell_736"
"Cell_737",5.29307585628897,-35.0968313600487,"2","3","Cell_737"
"Cell_738",14.5167052810255,-9.39067883229872,"4","6","Cell_738"
"Cell_739",-3.38965775759806,1.4796239694976,"3","4","Cell_739"
"Cell_740",-4.89359785355851,-26.0891360345322,"2","4","Cell_740"
"Cell_741",8.34428832859933,-37.2184401038761,"2","3","Cell_741"
"Cell_742",-17.5451983824795,0.664261411974801,"1","4","Cell_742"
"Cell_743",-3.2522321891762,38.7815670299168,"5","2","Cell_743"
"Cell_744",-0.350277720135774,-38.9656357722266,"2","3","Cell_744"
"Cell_745",-15.7799920790829,-1.64529063116416,"1","4","Cell_745"
"Cell_746",-0.122277232315801,-38.3795638501564,"2","3","Cell_746"
"Cell_747",-19.4879928175942,-1.31793389647367,"1","4","Cell_747"
"Cell_748",-34.1929434328512,13.3541249910506,"7","7","Cell_748"
"Cell_749",6.74219968500677,-32.1073991073274,"2","3","Cell_749"
"Cell_750",1.83362500135402,-3.43261690912511,"3","4","Cell_750"
"Cell_751",0.89089382563936,7.89993404032488,"3","1","Cell_751"
"Cell_752",4.00104680797886,-37.0726706713002,"2","3","Cell_752"
"Cell_753",-21.9641303013517,11.3184264798537,"7","7","Cell_753"
"Cell_754",-24.7084741240381,-3.64580912505077,"1","4","Cell_754"
"Cell_755",-3.96433174926761,37.1229560084776,"5","2","Cell_755"
"Cell_756",-9.86538771537399,32.7582019326509,"5","2","Cell_756"
"Cell_757",17.0085264144985,23.3184439853646,"6","8","Cell_757"
"Cell_758",-9.06832284357331,-2.81998348479302,"1","4","Cell_758"
"Cell_759",13.4024277296419,18.2362469793584,"6","8","Cell_759"
"Cell_760",-11.5732379822729,34.2381560370441,"5","2","Cell_760"
"Cell_761",-15.3842421531655,-0.771591392152834,"1","4","Cell_761"
"Cell_762",-8.59990805680049,23.1994189642638,"5","2","Cell_762"
"Cell_763",30.5198692433142,-6.0050247463798,"8","5","Cell_763"
"Cell_764",15.9829660699847,23.7187672800402,"6","8","Cell_764"
"Cell_765",6.32546642848911,12.8704784021154,"3","1","Cell_765"
"Cell_766",-20.8701071697214,0.715732611091392,"7","7","Cell_766"
"Cell_767",17.8881944445955,20.5804223446518,"6","8","Cell_767"
"Cell_768",-18.5508358759939,16.63191971939,"7","7","Cell_768"
"Cell_769",-0.617109734461501,36.1229969726654,"5","2","Cell_769"
"Cell_770",14.5048627785436,16.9641964319614,"6","8","Cell_770"
